joint1,joint2,joint3,joint4,target_x,target_y
67.41722139252525,33.32392719095154,47.10702307246307,121.08653895760165,51.07377281729086,51.754122201389876
171.1285751537849,97.54217052810446,44.456183832959965,143.402651494447,119.89892606634974,101.08804000170286
131.75890952605292,157.1302504577535,163.1258244937866,45.08422178264981,128.1181055732997,142.67570890180033
107.7585271554666,131.800479553721,44.918315972911095,112.4773379292598,98.82304743148211,99.9547799081147
28.083355279638575,145.18100661506094,48.95095070315358,102.91427696587476,61.57289407421494,88.12849510286617
28.079013660516477,118.58100600792912,136.69168723523347,149.9094678218888,61.893776617834035,105.37393852049308
10.455050190275903,124.60978161321344,80.9531716410972,163.0956708866269,48.39705140674573,91.66489349715563
155.91170623948832,152.85521728175746,139.8079002519326,2.1882188659296253,134.28955071596124,136.07325705706106
108.20070211377758,44.94024159465347,11.765908361589343,121.32358543058268,67.97916695832488,54.683615953665765
127.45306400328819,88.09649345576528,87.76281486120918,9.330443841551224,99.24786850433487,87.49833222045254
3.7052089732444404,39.817699527528404,6.050448032990873,98.79455971392406,14.209711808150049,30.335464998761793
174.58377338915898,177.78024143939646,11.277576621963814,51.77389122786208,140.9217829327001,113.16556690844789
149.8396753440759,169.9306811435904,163.15874160199397,55.219787913985414,140.32342405392092,149.32420236176227
38.22103992208971,7.096826046331062,25.06416680116713,63.532530621424186,24.96247683843082,24.034179266391934
32.72849409727811,127.00353105282392,95.83572280953908,111.83264082892983,61.414614805546954,96.31274426384243
33.01281177361809,166.54469713481984,73.99720846812718,60.128993820378454,75.42159170175466,99.50001049162104
54.76360373271679,32.50356212292004,62.52179872659168,131.88582910625047,41.38061633804013,55.54851121251654
94.45615769380281,102.2301414994733,161.97000222370903,72.81492940329655,92.58925104440823,116.63879304048582
77.75010335558083,164.78789356584753,3.92821141958811,12.30357605579255,85.77067050827213,83.85542200577524
52.42124523564755,6.110276145443791,119.48214351160604,141.0767716471393,38.98911551884623,63.49464186887524
110.1335210500283,125.53564810443119,173.41099815843907,51.43649842668708,112.01917968914337,133.03472813900942
25.10889491736753,53.52282132705914,100.83027302313155,77.89803832786727,39.72557733600258,63.78403553090823
52.58603673633927,166.39131516777547,168.62804316595654,123.37989897994227,95.030061459154,140.55683353144858
65.9451317928645,174.79048412976618,9.406418271484277,59.842108286768166,87.3946380543784,90.89292959540322
82.09259715906647,169.9679680404181,75.38279743334905,10.185418106408813,97.36762907793283,106.34636824885219
141.33167305074244,85.35855899834348,46.82840237316921,67.30578846230645,100.29466601353607,82.01904246083174
35.941280788504756,155.16767717807642,131.54777369653135,170.0007448849746,76.11532265909351,124.762216483345
92.5621989144501,152.01889173631267,176.63347628950442,115.51219151374048,112.21126441514737,144.5802101107347
106.63462239516764,57.438085183786015,46.1754112399646,120.86624676009724,72.77270058386345,74.93955817394856
8.36107428959959,149.2047853471219,117.7514282653334,113.81078765477517,62.50451095424793,106.62854936929455
109.3580733422589,6.661374248788672,35.65757389675322,35.81858501269862,62.02911407565891,37.98204442703216
30.694342263712475,107.32857812676954,101.75944582288979,75.30009553841042,61.38092955560825,87.00189697793579
11.709286737350313,41.40159071178655,83.50784760390052,135.1691637053973,25.806532157342176,58.26336198131406
170.79939670559997,21.702039439910187,174.96095933367667,18.247121559568647,110.83105043730103,97.68079669705351
173.81376595342067,13.851576293257647,109.53490908536398,50.01349969614821,106.57915044630171,80.73339799110744
145.511522660963,125.33197965806515,62.91114697562738,49.73743952385365,115.41118657159639,98.22940029942183
54.83047845120672,61.177493478251904,20.537241279828006,77.76340696701108,44.75213090199701,44.60074642180028
17.580980521149097,130.45801887517706,27.22442917228822,176.4663733695933,46.890318772540965,80.52161339892614
123.16194477218824,11.764141343809627,40.55704739122232,12.15045840308795,70.5913435860819,44.91480592472441
79.22744887312824,56.75226080950986,45.17399904125364,93.3661789885071,57.39050216742527,58.3039156464452
21.96688227206019,97.1084326275607,153.1108904114048,32.28564276219788,54.68242185956294,86.38331622569002
89.13184382002864,142.33016967101344,101.02010189085449,174.72177817375393,98.24160937448171,123.67900382948126
6.189933800739311,57.375450527772585,94.21036404738597,20.394630850943557,30.098989537099857,54.97805371797247
163.67767237418076,112.66044775866163,20.658396936459145,72.64818042508642,118.55369993670313,89.08163388814833
46.58039668800305,159.4759946825137,154.8251448028983,132.8192972702291,87.06009094064717,130.86487117705664
119.25401118371676,110.85537387281482,130.10657457752706,126.81979704494015,108.45200683808231,117.96741642435207
56.10799369609397,41.93270545565408,12.180305142000286,76.0911546409078,39.94720623746565,39.47895856311917
93.61224381200594,4.392140680176844,127.41031750135836,62.37435023148928,59.5108055832748,63.68720475566235
98.40785028179033,156.6177973021674,97.83687912167629,71.5702281395167,104.42763335317137,119.82490336563062
33.27380199459487,3.828493953069685,14.710562234420086,47.56972736855507,20.91688903038557,11.647046061519603
174.52523299762055,157.4463010831559,82.49411547515817,36.959928967223966,144.546715548063,124.61409084180072
139.52390820500062,95.20868412489816,87.24533168340845,86.94714556060019,107.95154314694761,98.60446143021984
169.10980948155404,169.03218573232132,29.839417229389635,48.33607609216932,140.61548951719223,114.70758761052818
161.0689230769768,143.78098243925976,170.22566646005083,51.74309968150502,138.33524118151865,144.89209198028473
107.62199618599533,179.62813989600073,152.99556686651914,118.21609142542027,126.33344497155205,152.69162195788869
165.93736230416104,63.12812678130783,120.4240207192395,174.33671970598058,116.99599850182133,108.28092781640512
15.92865036934551,138.09389200760285,83.21320098010929,108.65469610068752,59.18505687945603,94.34369973367329
35.27691523544613,72.3475644496636,74.11779748521153,13.85630407169393,50.318104518685416,60.73205132611093
8.140912003896851,86.37761165470359,117.17522408717176,13.605050493732056,38.38801549172113,76.40559421130945
58.55945953738758,112.95098337930662,98.17773649324299,171.2561797522019,71.93390215928477,102.50769224020631
69.96191214410676,157.26188055354098,11.209159058739411,53.51234225532005,81.80982922262571,86.26003380209661
48.84282571930127,177.13502445587312,92.2504767786597,16.572057494845577,88.22992652179323,106.34719812416725
149.17275164734727,138.28921449561327,145.15265110191112,107.82802568706867,128.48812380334445,134.69492161836894
64.21559880484607,75.19802079012008,82.66317796745246,112.2567800922479,64.44851373487927,80.63650822804117
50.56821174372854,75.84426040987263,9.352183959768315,116.73086762136387,51.713674678796316,54.918967875465505
97.68529496848473,132.76481428600047,141.53007588912595,48.13236501435743,104.2155051591231,122.27226935586751
25.366360495457275,42.97988623829442,36.24548078447539,2.719923158605506,29.769196244987505,30.66405736767289
144.39545653572713,19.88534036365104,46.55175027984698,173.70276650180494,80.84275872314208,69.20883346579794
13.419115862358748,63.831988375339776,29.64714361781326,45.160748224398446,27.130166873311904,45.3644721114792
177.6396485880931,51.70301849773471,59.43871167686956,121.68473184945854,112.77383882164725,87.04863502143377
139.00405847339835,53.33546168207822,136.2152710239543,127.19337657816773,100.68289285152873,103.27207834369612
35.76882267615103,42.04939518898379,93.48945471070873,109.80133507430743,39.77013632708644,63.01760469311578
0.9939810822484318,7.576774134545139,36.87862934712826,56.32333095845668,5.622066624668803,16.783664856000062
146.78305712187014,3.217308252014486,158.00941406736735,48.79732567753184,86.1060466970534,85.6372373845639
127.23432189257107,177.79003015248568,158.32473389127526,107.58029088648657,130.6449385437899,153.59661041592963
131.2212902473777,76.99916407245522,156.70411650828123,155.89721405010448,108.20364417053298,120.65384654871849
138.82866240347025,69.1787964887427,42.98331804867707,170.4120712062112,91.9053908112207,82.24738499827286
13.328037312136265,122.33651088475257,81.22308195257786,19.063044792676372,51.866239759193846,75.51452155235371
64.52383113796907,39.28569981571155,177.2981381053575,27.869150267589575,63.79232727062415,87.46557741068912
20.85643071452335,170.99301311104057,138.96224573579826,170.05252658095435,73.11249852814909,130.5678131882401
155.35861665760683,141.54210259479936,4.890135820600767,132.57634110026265,121.00037363886547,105.31979017773268
112.19366282896043,16.093980416206712,11.73682642688857,158.93888846935914,63.9745392570524,48.13480018916022
59.56164447347685,75.1645396412871,83.5076478262199,36.473874144361766,60.70594755556105,66.99403096759664
11.440503051484255,158.24129536118966,163.65963705508082,105.76545679969233,75.29540995094064,127.04319075072962
55.9768179088192,170.05176401245384,96.96632363148856,126.20512699514525,85.36337200353823,119.74669434019526
58.53299796481447,84.13227202497654,89.60625144617224,122.42013938045508,65.58426279428518,85.88077540188478
131.32911210085155,110.41405005792738,18.985265992193504,73.46730435600566,100.34169419223042,83.52417441168005
114.76034484393836,30.06611029657354,118.22041885037292,2.771080504435526,79.76588770565189,67.63551033708677
159.69829366373878,178.41035270465576,147.9785689080406,104.92669022476736,149.05272383746868,158.51862904024014
84.99868652915087,41.70090624901981,68.47560135136122,45.55827705232958,60.39086288019751,63.17105420038502
21.526964268894307,169.69171934432262,139.61013316655894,81.04576430572025,76.09000403931852,123.15566988907653
128.3840617001391,116.93639681862632,173.60579770214608,172.36458271508712,112.9177267630755,141.65453314362
136.94130875104153,109.39262307819465,36.677962642984035,71.82635717563825,106.16273256442035,91.48202229585901
101.02989556250932,92.28393198297155,94.19933361505343,151.1642891995968,88.21637766963252,100.91711784057242
138.77409239182097,41.520566109196565,51.6848324552236,33.9373090348652,88.28901961147801,63.68129402262201
88.88320734559034,31.77504576099149,142.71379542609108,121.0428896445052,70.36173359387602,83.2218370214743
94.09190928875893,39.68751763263156,103.96680585860835,175.86125179900984,70.0841302004492,83.9372518998671
76.95738330453894,33.558887185965816,114.22483515905468,18.340758157128622,60.26502016356123,66.98744473155728
4.5754428139371335,140.32520524201558,143.62454873086094,1.4975896008945622,56.98560117933675,98.61016993474135
19.4204568587948,63.02254665001142,71.27468507924188,78.04490267387058,34.32001940502691,61.128997465417044
5.657253423612165,10.411681781411346,164.7162123132678,16.672586949246096,24.797221717910926,56.19483373790167
114.55387402748048,174.43847342534605,95.9451961043052,134.70918294172165,122.07566946318653,133.16510227802118
56.5840765937388,159.08145929341663,28.431868110362643,164.6187594927406,78.38344202330653,101.93609957233777
91.5427244096465,166.99541097513833,125.26184127038444,78.12377508757659,108.48817511890975,129.92405069038108
163.36196530669673,179.08340807635835,142.7870430788858,46.56809558797937,147.8754806341569,153.31770854931855
44.87260124679749,31.301144859507712,57.017101872154804,78.19259742118976,39.87386795900142,45.835851232410924
73.86892614641336,71.32356340247857,154.29226625977554,130.2206072130002,75.09159236731135,102.49329890244698
135.99920493774877,136.48292562673643,163.10578585783796,1.6297490844667761,129.13749361560662,131.87484231271097
41.18366978849204,125.2837112496826,49.84280772800561,106.10171810724549,61.40458288759188,84.49502670187769
13.856383769182738,27.70126314117391,177.03386508873996,110.39250327972823,32.185941537781105,74.01012830399745
52.15526152447824,146.84996249831119,25.328075048776515,114.78388444126838,73.12831886166127,86.00536078279113
29.019831705720797,40.39930293059892,36.36282031244819,43.563974396557896,31.558967838736436,39.087751016355604
167.34557742166317,40.28717066807216,33.16047106284471,128.5294902080628,98.64365174244244,72.1208009134181
145.46166832159506,96.65539612081444,160.91814780141667,16.450467539719753,116.07334559627614,116.62752060149893
114.01267617187622,106.72918827150657,117.77265941849313,35.86866056402415,102.56517556708656,101.69572639441328
156.86290623378918,104.41551741080602,27.37877098000912,157.94460839780675,113.93625616322846,94.98740770231197
144.66097384184062,16.467630731595875,79.25821530630282,132.97016713078193,83.3640494699019,68.5501310860516
33.58261059948645,157.94295527346847,110.75364451256436,2.474199722042145,77.9604419352512,103.16465611785513
160.660619728196,47.80800766596709,15.023535298088992,44.70772686656404,98.51546311209023,59.03628512694705
97.08160354481713,23.31268583090475,158.83494631332098,38.59316693876962,71.68669514750768,78.31801984722794
145.33922792953126,159.97465437641588,144.64863637947633,48.74513904665506,135.2860696403901,141.19056530464513
161.29643398622878,172.0172696813556,90.93721924379489,44.560758650379555,142.45523536413236,133.53137756966987
57.2406254949355,155.1829711077811,174.0827907466507,11.254733233712233,90.86007701395464,131.05801995388586
19.809346414981817,145.71289345047805,75.19697626951795,82.60929298742766,61.198301827914285,90.04328200365931
41.0283292575495,117.94355651502391,177.13985742656962,131.89202546150972,69.30645023672052,124.03301031824238
76.87940195272614,99.15432670964508,120.22559978465287,109.21171044913855,81.96147025872774,103.9726651767431
147.24265786604877,15.657616784053825,114.24082918570946,121.11690034765437,86.61971044192775,80.53733159855615
154.93150498614182,73.52157835272577,29.8718811532413,14.606852136523047,105.51625377107077,71.22365380711544
1.2513834956143266,67.08393306221652,158.7469964948359,171.2683278318217,35.96533112802281,90.91951515696717
91.93451446396183,46.755681076858714,76.94814382571073,150.92853009174448,67.26544197374726,75.637848641261
75.13398056678022,130.2156204639453,29.202013040846285,144.9162573292193,78.2964099144893,93.38353597091908
39.97940588473144,89.25763231417875,2.2693535956366273,148.13708490751816,46.41785024833886,60.40466113732322
21.575766120062905,14.588318863376628,100.75602305490887,167.88789146389703,28.0770437148314,58.18329357869248
60.77073085265303,39.63297635096604,94.93193198208174,97.96571390046559,46.79283421675434,65.4228690556788
169.72374670425344,122.98657745872727,129.48365202644854,36.05076321617266,137.26014256456614,122.62143892404474
58.17652776373594,13.703554708254034,160.2464495432044,111.0210494134574,49.90002221086803,75.87583081927504
93.38231191380589,153.21724452877837,14.293185235745314,133.71866886022903,91.67160454339655,100.03639896074685
126.54341260113202,89.12637486251538,131.66936826126522,132.82513080372456,101.02593079934867,110.68822031080528
65.45332842827291,86.50558391879665,33.7341499375648,93.86082435003841,65.40454043794834,65.08904793309314
174.92077488977293,106.63340123871316,154.47186956828952,12.32256948004405,133.0065810134439,125.46386876439927
173.24051308958002,148.44257386652686,147.4314324950981,66.800328917423,143.58947093306597,142.96528523510398
45.32081324856555,62.60565742239475,97.34287589739799,165.7379895234043,53.45102052547046,78.29804044600041
89.50473106062938,122.04290746063144,127.84370375219608,105.20080375633668,94.82671389629557,114.74410353421459
54.15809576701854,101.8317535192424,56.58302037307471,96.89974978602842,61.41102482351666,75.49796684324564
51.27128898794417,48.065088630495836,84.81022180790663,48.39363258879483,48.96944321472074,57.81447935860591
6.639650523815903,158.15339754392843,147.8946415878849,66.3208055849842,63.503803316594414,116.99661799077307
109.72158011638143,143.53668388924706,82.6677354911785,161.16229604757046,108.39021157092789,117.6608002666238
90.48222418119506,118.52133023851658,64.40368775857952,119.96334855483043,89.36062186775672,93.62667384571287
9.266175224998083,153.10471123696354,88.95824050505398,141.7296648154199,60.52433743173738,102.69550821377543
50.15636356259006,156.11295617276443,149.0848654386993,81.78217615217793,87.54387729948833,126.84404343347106
163.48785947399767,127.50533580870626,60.33744852675709,113.44449950210843,129.55165158202118,112.75154711052625
43.121140320055034,150.66239910546096,31.277086764433882,44.70904957377736,69.88637122288564,81.81405653667206
26.081076976420157,125.54486310047106,128.16252365954054,126.98294945102752,61.156501533463846,106.66993027346858
88.10149684996134,122.42533891685407,148.67607828745471,76.96824006660071,96.54490575444697,115.39866756391106
177.41708173990813,111.35004807873318,18.114746134236,79.6581926666542,128.09712400607185,94.41308999396118
43.56994887207007,135.48899512037542,43.17734029607005,116.8780184238387,64.71988801538296,88.31746181657637
120.98439853305814,28.548918952753265,25.554958156978902,168.5305118644068,70.88944523466498,59.31736897305585
137.09153075916916,158.55673665580713,62.62945408478999,11.521142389551766,123.20862386100862,112.79380030214169
42.77475791863194,156.93183499414175,81.06317620297428,148.45378272246137,76.46543737984445,108.23702451661543
131.07894275013473,5.264510946220646,134.78874065339517,52.62895987419476,78.63309156351845,76.27692909846036
66.20096388946558,148.64701510165727,117.20656527870135,79.90550181114801,91.65895871556106,116.16050591447174
113.8150495068443,23.196576145220135,111.7671421461176,3.944399179501612,79.68329325563447,65.29311774148601
114.03534793696105,60.32139376664554,63.42749038973779,54.18829401017634,81.84910405549579,71.34295634125277
96.43944313345652,133.8314861324894,151.4605595552568,90.47362367342349,101.70708678252875,127.09148378198458
16.252158609793494,28.936781288695478,84.83169013166962,10.111693922539022,22.1923616545654,43.726386462027115
150.35444920606284,147.2340643414312,176.23888884272782,88.39723128896972,137.48728475217592,148.52254710455833
57.74041169491245,149.78415203239354,114.14558489323264,166.87991319451692,87.42776463313007,120.8683714610682
33.573331871973764,91.34419207695052,22.727653481610492,18.97077925940494,47.413024400223854,54.04032295974356
7.339525479857505,1.1494569090300444,121.71196117357812,137.5993310535908,16.18098824815787,51.01013944664832
106.36072977388352,51.666863971484304,58.51872277770582,73.74078960767868,73.35375305257902,68.66965349211323
121.96158513161083,111.0468453076336,123.53889540349753,117.93126861438084,104.46440843300907,121.06472259788038
2.9858092070141073,176.61351204493621,12.535406669233033,46.84258763734128,57.400001536560985,78.8838573699981
92.17675049387057,113.7264348630003,31.47865869167269,28.70860725744449,85.18171481777382,77.6031070303711
40.769239535628834,46.764644591548766,154.03270660304153,28.88327056882076,46.72582423220173,73.65046021886009
116.13110227370098,114.12102655793004,40.89232026423268,12.688550215766037,99.57076908701414,83.92064877489425
31.385957220898458,97.19736834885398,150.6674025437292,33.41640688222375,61.06707181126635,94.09684820703596
124.36879285844387,140.37217112720586,50.269695921793875,119.55948929801428,112.12220664985468,109.00556129323115
69.61236233409673,19.256514988852512,115.71874381056737,158.70431013183145,49.47075454779063,70.91998847464293
168.61139797261222,136.98502245036505,124.94710323176957,146.54262340640912,135.1642677337617,137.3325150537059
24.753769946278787,97.42798416169985,92.27785556610952,123.32417577740713,50.535127158725714,84.94422603100828
61.39194318904653,173.33856069461905,54.955921805411634,19.87773541399848,89.19870083724054,95.96155669372135
20.425233823306034,61.5369898869635,38.2759877467973,52.05374033327097,36.09403429827572,44.75331209232782
166.4448512901413,113.87194076411066,5.97408382123672,55.76523755804442,119.39357408405779,88.08885919868791
157.9210836085766,167.76505899180313,54.71035222333028,44.99225035157182,134.2757321705382,119.98636649233892
46.42949298872801,18.451751038322264,117.56930229563095,92.70101874775015,38.454463620092,65.10417686611844
118.79712828615223,168.7011277025612,168.8948673207269,96.39968667834107,129.35839033135545,153.59852390747065
147.09999603621884,123.8194300141464,156.81680680734937,64.23947553079984,124.44809685158685,131.10896403153598
99.93614608790323,12.210670638930942,137.89165977635446,63.682048572558486,70.67737732281098,72.66182702301808
95.33710410408116,54.17344205042693,141.92052178559376,149.14000762309465,77.54386754651502,98.13221353388573
43.5334123620813,127.47097595615068,119.69728262567915,142.0727126975434,75.15889137568946,106.64717538564237
16.75849820506186,12.123108264378907,46.85163436188054,55.40324970253422,18.05920759815121,25.915960392612813
161.49883643159882,104.79068283172919,163.29510552704937,164.48191989718669,128.2421426391382,138.5312422528852
162.0752502893995,62.25895025153221,120.73181614305012,171.5067030604511,110.74969909081217,106.61640430174106
113.95826230918823,111.76479319814588,100.87931357647919,58.81365756540735,99.91468471699363,103.73771650708377
61.02536238876612,8.233566086252313,19.978104458426593,63.79649078274988,35.83719485085189,27.373435638751033
62.85772343027896,156.87662510742774,80.46999788515657,91.0141476159526,86.6931620283189,105.21882105354598
130.6720221966431,175.22801445193144,82.86448881634674,169.40174625606124,125.00324149939824,138.83355722116602
161.47984679146387,174.39801395142447,155.6214497140806,157.7374979656161,148.29020973193207,165.94710513903027
159.67555636772113,134.93732971372646,98.39667963380192,18.462233265046166,130.315799120797,117.72933933340977
140.3775982543723,23.415523223513755,68.47209881467374,70.69153378885491,79.80319778687803,64.40437561314963
115.5656963077718,136.48737526722405,175.8240591319187,99.60681415495893,117.2278028768224,141.5988728270192
15.14519369910879,4.425644962584272,19.92970679873682,90.56384505927721,8.933818568769745,21.195033991357615
29.09316853703048,3.9822392752195057,76.05871709615003,34.89535222864068,21.040462954284607,34.33348690864236
161.73975393487427,58.24983944691743,7.564441530852952,154.58701881026784,95.72658426037624,71.72669640515498
109.15723073872618,87.95577427283983,133.18274173804747,121.84934093943072,90.69583682928402,109.70671400326084
1.6554692909933366,138.67333520540276,165.25377939584712,150.82350747332464,56.24421814047763,122.84987380809734
18.264877715885778,122.99316778917094,50.4067193190881,154.577570282905,49.653019211342,82.23675736563901
119.43031843945005,80.2624871478147,154.50150182384175,134.70405365983316,103.15057382150674,120.0077931384166
0.9110850923193636,49.25279993069986,52.599281483141596,79.05790822494912,19.43955132189339,42.51765039021044
28.945449255149757,179.48241002838802,163.93862909590473,109.89841590277642,85.06681075821781,137.8182982081145
98.7720820859855,76.71263440247513,135.7131426474211,28.865773101553767,86.77210840149006,92.69501909055619
124.54113558468478,81.24966437934158,144.88321983145894,121.25617514548338,101.39591946172246,113.44521800450013
117.3530267104681,29.45228781450045,3.24118000808181,32.265586033070534,67.68143077894038,35.965989688354846
40.36847570290076,143.0657187749873,173.30586427332466,124.91092629182823,78.04395238408054,128.69075096412186
128.19225984255647,124.86280064066796,130.80077857265817,41.32766893571436,117.53690306730286,116.77233028945024
42.704835749424014,39.73853030197687,54.855197169503995,21.159234027039595,42.373889969531234,43.27953852001529
58.57194566866819,14.828588210851684,149.29103967459244,29.751208225732338,45.29833587680348,67.39715189404309
134.36845292124434,122.48987437344836,50.67381571468739,0.3585843394326482,106.95051316235265,92.39965585620679
116.93392182849864,117.81201857060434,157.09569112190303,129.37313121363545,108.96051491286693,125.83429353015812
152.86021388895202,49.18671485967768,20.264470274148664,131.83218883050824,91.28349283997379,73.59342799281265
118.37032061406181,171.15544120507386,126.66347594294324,92.6880029843867,124.21007136975912,139.9946435674053
102.29554860038489,27.190420520562043,97.32572579608386,29.045304189969066,67.58092863115621,61.88452780513786
16.861458209056646,77.82026418766834,17.376204635179345,15.039780751924155,37.844540959959964,41.53149262060677
66.18884455069804,169.8508656301678,43.540889086591015,3.4432139587116617,90.78486806174566,94.93708292906058
47.73642618271058,75.55091704670201,2.232726529916662,29.834671853739728,47.18190891962199,42.08723976566877
43.91813580823504,114.93467057953539,84.37823378361105,160.35399629696641,66.9312649829787,96.50219849292529
175.14189985544022,71.56699163330298,54.22774693680007,43.476631506302716,116.67562296010563,83.05621928083892
70.75759044001687,49.35873642276061,107.70434717359659,63.76883889909882,59.8289558880798,71.77447671371642
160.5683799318804,177.11597663276908,53.50280538755109,18.962187206639975,137.1368290054421,119.53456870490287
113.60495267950732,73.68012113670774,53.985440071257244,40.02503485467065,84.461342813831,69.52583191794949
143.06603463749673,160.9378566622442,133.7747757716886,93.46042274043693,134.91512414358638,142.75849753837807
90.47467675893458,41.391829060395516,8.665710476103621,109.39548295721747,58.79957894250314,49.36152728753063
103.84269923274464,38.358846724515,162.52109913455772,44.16341654991799,76.52712058280059,90.31451712386679
88.6531848873955,5.604134919212045,153.40749739041266,10.391788660521097,59.74293377060094,68.67356953361029
35.14373780364801,117.30002856765931,120.20484298075317,70.38591644293176,64.63441604300836,97.69748394634219
130.04138074707095,66.334741870277,106.77988261932917,42.15660676674015,95.44776998789983,87.72634736356395
50.53902523935405,155.58448497113466,160.6144496651374,39.51970618136435,91.95138743111079,126.15723228286471
4.376873957661691,85.17778320448029,33.3594323151686,172.77530448842194,28.3057392868938,59.51681313703335
116.1850132632902,174.2748170246499,14.21444919434915,110.93408746663033,112.80757514214675,106.50333020246082
31.87992229326881,33.394592826561805,43.11183058371686,100.23811977097726,33.24774826963121,40.762782598644776
169.28254518352458,156.35217023200994,143.02409016603426,74.83951863419794,150.3922321688143,148.9486681610176
171.70714386046572,139.78743350251352,6.240648010766998,77.20998001742596,127.6050719356957,101.73517160635141
164.67559023968073,138.76593203592935,104.90523031502813,97.36290069085454,135.44095666756238,130.62396049999177
66.62856604598,152.06098106103977,179.1787529144358,125.3573652664993,97.98997334714281,142.58332776501618
2.782190975196137,136.9843183697398,154.0252968907571,126.3862973127293,58.279884150702294,112.43781877661122
167.09734126579056,112.71965789365477,93.8602240278461,30.904903386980923,126.5529000012977,110.4530791973939
77.07314669711658,23.624077982829764,11.455363671595622,90.02029537379286,47.64128388956688,37.052550314646865
173.9978674278605,5.854712308425345,149.64723258942777,74.15245710613836,98.65557849496128,91.14463810415424
173.4515958760655,165.75261260682365,107.8161314718979,156.69485392848915,148.5973338473949,148.77524058725646
153.5417019841248,110.99705661373285,20.68793947072203,113.65540581930775,112.3911177305784,91.90919968864533
53.00080057252542,143.37671237571175,16.894311268204117,95.85073195487672,70.75789533224011,83.68602867786068
69.31759114834655,86.674023272259,163.73282749858663,20.771035592205127,81.12800969714876,101.48241768175188
153.20460087303425,21.115474013231005,120.45604732885411,109.01482007821406,93.63267933579073,84.7887155966833
57.04596092812998,22.53344259645908,149.271623877016,21.096703022442014,49.40402365257425,67.19157534685388
30.508694403496648,123.40175170121485,158.2162020508081,60.69718360183537,72.07959952160306,106.88013726932795
100.22422724250303,77.45506108190328,102.91902336869799,25.711553666579736,81.97641167299258,79.47761022354342
168.50785934894057,36.09445080606061,93.14034331590743,124.5732564643864,103.29606868200614,88.93970009625069
125.28536340149515,88.48701841345864,77.47693385777823,37.12538049050747,96.64242976370129,88.62530896457596
102.6110106160857,11.557608673524136,57.05038580240147,70.53468717384467,62.15929545459933,49.837963668905154
17.491768878738338,104.75485234459178,78.22727295456812,161.22145997138017,48.41067245291015,81.0914991615841
110.70130080585055,48.41881279831758,139.29833803142816,36.77694901181465,81.22087735125885,86.27328273095411
178.20969301876738,143.56063811469386,108.34621758272368,91.40491151258024,141.94332257580984,130.27385475560396
25.215122742574327,55.86515260624328,160.65419219187228,75.46889900988396,44.21781750592296,85.87163536487061
93.29933742547261,81.93962683472421,79.80840258825378,3.262327388231352,79.05795493153286,73.5323625700473
157.92715294703197,2.0916971834581144,109.27612416937572,142.6964604431063,91.37038536275065,81.98539997683278
133.3383511957568,13.040439803020599,113.63535955655797,12.428263136627951,82.78125500621631,69.10901962835807
125.46283337914824,70.64884015320327,106.5054892151386,85.36590377585165,91.02459414895215,92.03915917416558
126.44713511767966,86.38899024908223,126.47407915539294,100.92209308901099,103.9155545242255,105.61388627615233
64.70840721955594,108.00369866147467,42.73802430746513,113.11676219062568,69.53425333096013,80.97698485257584
52.846531967608804,52.49926416767458,92.22547995824232,123.9536932754176,54.164657325118824,69.9433773012399
145.68500798613246,125.09673950277765,18.760464505502583,45.58902903408872,113.13596894903112,89.56770893771362
145.82041104225254,154.82203149405683,69.21203897606625,1.7961797985208872,128.48066478242148,111.07046929713137
156.07301734441867,140.37317800080297,87.7800723518276,130.21985922388416,129.85955993053327,123.15756546821035
164.38329946016484,7.131388562704286,117.40036671818504,96.41818788256414,98.7635544831177,76.1302080825777
92.04163179496881,86.49125050640922,171.09558946551664,150.50118657730476,90.1222512679944,119.83699055593212
90.27293304369593,18.887432115271476,108.11719197870406,147.84990532212498,61.418584861414,71.70659208801024
143.69313221401953,43.56810285525494,133.84690491178077,151.79871020181898,102.84655689565808,100.39363044479374
116.99350753999772,177.59926678808637,91.1278907091365,87.31703879631723,122.6673971218982,131.90020699379434
126.35403790638661,25.64919772227238,114.13872564773963,60.053111250635816,83.43313967665782,78.12430004283664
143.2426804984982,89.79986762124409,12.767798904079218,142.4804764664466,97.28547159295357,82.1017810233421
160.20096152716192,111.26803217726143,45.79048455153246,81.23294034526589,115.48332363698556,97.72664716250357
60.83912823327645,126.44369469793871,65.13355677692496,33.01959535261821,75.45145916799603,86.58761616039786
67.60493147518993,100.73676302764454,85.04880390117245,153.8953235210654,72.81941743154205,92.00599388915494
16.91674917135642,1.7587525354530587,8.216774190429073,158.8607778190225,8.579432635340403,22.884266996978877
104.09042537931131,58.76303548391854,25.20433755959718,83.93575610523062,72.47652249001506,61.38194809147621
6.469609283413575,93.18809580924805,49.82657540243504,13.625950915761745,39.3511447808119,56.24018830952388
83.80764326384283,15.815969846070004,174.8758843621891,69.80869618504762,65.52700597106193,78.65804611335314
97.67603424736379,63.112847617652534,59.642461278549135,144.63677870326862,71.4541005173271,75.6140516108075
51.577425383091196,5.976559582445981,86.76739046017485,162.31932513832118,36.035401958010986,53.211732055834275
106.34998690242193,14.144129487903733,35.29758829291073,36.62509364956725,59.33805816516804,41.37920893729426
5.490044989028897,71.4461897162873,109.94041279363829,12.055250164548873,34.39752085594734,64.82562289840304
6.722673974858595,23.888835727750863,50.52297879287538,157.92308156391096,14.753054253782809,44.84269169521774
148.06810091873848,102.15735268708046,37.25866411891682,70.09288901619755,107.45183151217705,87.67351843513855
64.83431545402732,124.10369444470783,92.98307312027623,97.51697356816139,76.43630262850684,99.25981516496918
22.870892277339262,144.1056058396349,0.9910438488757478,174.2518461691366,54.510922912411296,82.2382626006557
94.00378680986479,36.02704396406582,1.379525876860559,11.981651024560113,56.826743908143584,35.416751690174074
138.59883955774995,30.146864806632557,39.4323856383344,116.69724134137721,76.42782040469365,65.813256682217
38.84778494943177,18.822211260192045,6.6098452501478056,13.338976063476073,29.837484426791605,19.192748681374795
112.12028564742005,114.55744491785461,19.444635743524447,67.58440712397007,94.54937918185217,78.52463329465367
15.36254369887824,127.16563076764221,60.99491688097529,144.6866181348204,51.177851317979325,84.03964121505156
9.302709810349386,5.685506068615567,144.4654223243663,78.02500189601419,20.84118705767719,52.17384677830955
95.64383368226665,168.51820432386415,102.96875580647415,179.49282370253107,106.33094502430485,136.7000612477113
97.31432188981917,9.354831057265034,92.28019067215496,100.63067129038839,64.08307508492632,63.329114777729195
114.73738226967718,97.43334035419268,52.8279881774619,57.80918747447163,95.6760694483888,87.248852079071
130.6964400700791,127.63089350116495,167.71566949790696,39.62003866285556,120.72244249167278,133.1545607947859
175.65337430325624,156.7744422742954,71.4627074226945,63.09369617150912,144.05235186455687,127.91431076939864
92.93406269421516,128.535647783837,15.676698023238869,67.05598927671915,86.94596904245041,80.24964732171404
58.13216512942427,144.31105495256253,111.07197290120423,12.368461990312976,80.79314546284945,101.59646144281471
143.13351505836667,61.10103465770509,20.490910825788255,66.52335589681917,91.12251227114636,67.56688437700886
48.74980522717336,146.6685204743722,62.14016570430458,83.56293355306049,74.8533312598727,96.25107380625978
79.01485572701449,14.420672349241526,91.3341489692056,130.09279540298485,52.05794902771338,62.19565306484146
14.122148641607872,161.06699809089497,157.36005444333165,118.21130724988943,70.67987263753551,127.055118983934
4.563133814782352,98.56662770767252,88.83838446122137,127.57781794124776,40.55259455079684,80.39494594343309
173.27671464202652,147.11359859324887,126.40657788569956,1.5054627378342778,143.25133769182696,134.14093572490526
150.47642169219705,81.41729121329402,178.70703101983267,39.180131924496486,117.63861829306497,122.7822944917904
125.27535709686563,115.8439851353745,23.668041581636693,119.10317191197417,97.63646811441564,91.49183584389205
73.61152999456858,94.75247896850038,49.451674593513516,87.11808627235449,68.74264384892989,77.86221433672924
31.19297761275224,131.68611391595974,71.02369360757635,0.9564256203022703,59.63552381052174,81.34391683808703
28.15866768079549,14.693396765506124,75.92907213698965,144.80903563772802,28.035891183120945,47.846377983162
45.04372166962716,10.863375118301484,73.98379354779824,139.10572319226074,28.9679588414032,50.97293411463785
98.86079964710169,44.47858212182636,163.36998046017987,98.71544933884127,81.4181531927506,93.65714171237045
128.62726608601122,28.7180424203739,128.52587600403416,11.963398639728982,88.55433216404687,79.0745559551267
118.83552780919163,156.9210419865963,109.42293853632667,137.97270891586524,116.83200918024211,130.7706289294293
50.38810145026971,39.45851772444798,55.68708921530077,105.06844579164552,37.394040788344725,53.64560529717738
171.87575051937495,175.65574604744364,148.28226915983305,140.75279588843264,152.74020486596928,161.50710094279333
132.82144500523833,60.64124251879923,171.91089206729802,135.31445863125128,101.66581614241109,117.03227745803076
99.78372945205213,32.78122482396587,147.81569085904079,144.54037295241068,72.48660481926207,91.80012992109425
110.1097343221834,142.14573128564624,0.28171893446512275,93.24145195283246,96.69632165261561,85.0993883379913
75.52801123700219,118.5673995901577,114.55224663301327,25.258413274832698,87.84984055657642,100.26547666288774
44.591578110208346,89.67522896156501,9.20436865957813,120.80834520834397,51.44864893413497,58.474710771710086
64.07508215722709,99.96543916877363,46.369299660069935,111.6852813093547,64.81497456649642,79.64280356953806
136.41229988358643,129.45632008900748,10.714446062598903,133.6055736958357,104.91929223556447,95.64253057815233
2.5908279533560563,41.12185343963377,108.6831815308898,30.578581089132356,23.846253526437597,53.42056150548097
20.893075291244923,179.34010489021355,123.58618442866923,35.09553598205206,76.18027399685258,114.58492803110995
8.280475563915495,175.46276918642096,20.60777485186292,160.27371309947912,59.832244397796956,92.87224209000354
7.331184417414624,117.05862354244864,69.09099894809631,134.99600372137274,44.62164574111622,81.59930908482639
153.9829051219813,35.917641167246124,82.12257161199756,163.48112796605812,97.00200122308797,87.8619267319849
126.65841468840426,122.44108363763243,66.42954391696499,136.56875780950574,110.57479490730881,111.24860952438489
85.35128923571854,12.995713616251653,21.78450008733475,107.48795507825433,50.383810756356766,37.94234532418448
17.610148917180265,5.517450397045092,75.41060223374558,117.74389266501726,17.905192786416674,42.28027616819485
88.49085752102982,46.38291993201846,135.21204860551526,160.0430263092018,71.31520865856538,88.4799018541367
85.22491874050182,83.27213221307693,12.781379615985983,104.1852158121493,68.15889072741285,62.21839329715728
31.176336583802733,156.2890509735085,14.432402534742621,113.83043837910974,66.27940566233248,82.54609539212416
78.09329686283515,130.89043255793544,63.85883253047716,28.165808880648104,83.44503455994331,87.2440456640677
71.73085219152722,133.68717381599657,169.51062809140652,85.30581962089849,93.01308646770319,124.03763357464074
110.85301764939896,76.58880020065357,120.34307641012452,128.9514801524578,90.53985232967017,102.63019237269995
114.31685715617589,62.268298658453325,122.16059220106166,48.76968569694577,87.05140901010704,88.86770172917386
8.154721758968012,66.78697733722849,65.14559835081569,36.405752494416284,27.88308281996592,52.28880083658155
67.43027063276482,177.77692147249041,106.85894241753692,56.4888254803948,98.38005500711854,123.68433336109271
112.65478482856255,7.219654454246847,1.8236131249938081,43.47011303871002,58.55364211934394,30.844147975125466
90.56452654441578,156.06566930204073,114.4972883537176,38.684274666551254,104.55217383706501,120.0723133547706
154.16817141389802,104.16157354303081,164.3916505637226,76.47315171625564,123.70452221335218,129.32400946824976
118.56485369141011,78.95077545412629,110.26322430206746,163.41093249903614,96.43562450977579,102.33935468384492
29.328196874657344,130.54637887472458,157.2657468239421,91.27073641296928,67.80103921971657,116.50661697494246
12.702374532077371,87.60040945644651,130.31514998389687,33.825668546758145,49.08690566939811,78.87952627327671
115.63547007713682,157.2161828546989,21.700514952664246,13.854900488557334,103.65736837058797,92.03801909443708
4.772035897491927,162.12633552202652,162.44159531145152,125.30810612482654,68.13761826561286,126.71239484261831
105.4396046292234,75.90976683722198,11.95989198403948,68.90377759854981,77.63958292923549,60.10455117720727
169.24144345649236,49.829003502309284,96.11414505859749,147.92957038536466,107.58972314891695,96.57222988435903
103.58535201765821,106.6230591468052,25.584682282822378,118.71193835533863,87.18684985687493,83.60100042576123
69.87058671717395,164.22540221100436,2.107189931562732,143.32346109744634,86.97267035456488,95.32546479554225
115.79187931962358,37.91919402101998,75.96616682297503,48.950287095320775,72.43467686970716,64.21527209590604
82.485520288473,112.1339850414269,53.10732737774812,124.62460604299046,81.199178009421,88.76994614599134
98.21102207686829,113.6808396166537,87.48008888356854,47.53115724486938,86.97123017112695,98.26034866113312
169.46366557977453,131.96034403475056,103.89597961221915,169.03232630105248,132.7782043544879,135.741697479094
69.49847480413936,23.682183322906766,7.873033015610524,114.54737067600739,45.899528430304656,41.339345340971555
173.01430148830457,128.84849364277594,22.140593122274215,58.412124031561575,126.21219408242838,100.98590444209277
162.96311555209147,163.62585371981538,100.55563136107656,48.512135212609074,138.27711709928008,135.34945366504817
35.24240426207336,32.34295959664355,61.77012357107848,34.36678531289583,33.10522690916823,39.177643192773616
12.485034157529782,42.75779848629797,131.25122775890063,125.035372600871,36.33079207687145,73.00675251704928
18.140040247936795,174.85111692749513,117.41249674654914,39.36881033962691,69.6032403824598,112.62287127511902
3.279928617278951,32.57585148770816,152.20878533818322,107.15458786694803,24.530978465491554,68.96245709961232
16.99973293606711,153.78931680652425,124.64870880046055,47.63430484656432,70.09639575639613,107.40974711568278
122.94121921494423,88.61001416064626,77.38759393022666,119.15441006289635,99.50777793576411,97.05439176182794
12.813956722841217,44.50159339257187,121.13399203099783,146.68915113729705,31.663993133711383,72.37420460663448
57.41561345287703,156.73498222905206,49.568611365975336,140.04454376603758,78.20705712669839,101.29520576590848
152.07755597450182,80.15494590047979,55.13642978007828,136.95323956754072,109.79059173902098,94.19866027305507
4.188948432448656,92.66712370734423,142.0173287857428,33.79003302460537,47.28522899050027,82.61366602345886
146.60432686600845,64.66200649195783,80.3555129522848,15.909290457213368,102.09421065134453,81.31661713932016
50.733859459211985,106.73115325828694,143.70846129330346,125.81078912772941,70.13231713854758,107.92615036096689
21.269668971898128,29.434297065304097,148.03602726029013,66.30249848298324,34.17066764989323,66.63097814341538
125.41268976554711,70.39467659731693,154.36122077903107,77.82232075260251,98.94014977778208,108.86349285108679
113.20971242037912,174.49421802035175,164.9943424514173,5.606836702810392,126.11425847066796,140.41822865829096
157.94496243486952,46.46401788620296,77.57733969239332,46.72376086950885,103.57142342879764,82.01056778467783
132.31278788469945,118.2125996174326,57.39602729780499,6.061752697403524,109.1186106396348,87.9304087444058
144.62656746927274,58.53421156044508,104.7957743869405,158.25343906822457,98.19837248749444,98.40773897442746
50.76622306283517,139.22516262358812,66.81103621877297,43.81140297933548,76.58475684041039,91.00818460545122
31.939117880350107,23.557258929302968,108.19335002404193,100.32069052314145,34.482335901396446,59.46942954018855
135.1106552953545,174.56778811413804,127.00545527588844,7.016277719003474,134.00034120122532,135.45155921824957
145.23025306810752,81.68211744905507,123.91290332858463,120.03253043501846,112.44413382018594,110.78124022931767
178.2909255601212,42.48908340236351,67.41951966362184,58.14492223573689,106.41097926810473,79.51526676628512
74.27118184405677,13.229414519402278,30.034836305775507,161.62545365237986,44.0362477510137,44.85685947862754
66.96325544270097,30.556422915757334,77.49528092319736,159.86127400812646,49.335173585678994,67.63629444848479
139.75433293355943,93.55931074008318,25.666945934743573,58.5523113051146,97.3759354315481,80.60860402214288
61.34463724554321,60.66057175763154,160.2174663330855,162.17296122428422,65.58565673857944,102.5613408765266
167.53631860864164,149.1990058588697,62.25794293281433,179.3083812297802,139.776768458432,127.86277362135769
154.51429533174212,77.55975425912507,27.802754500198283,148.57481954231065,99.62519390461689,84.9662922254776
77.21892492750331,44.768569065773384,4.580596783035158,152.07684259594123,52.43353163968825,49.33214400887328
135.15679220246952,111.08609758872541,116.24802953156717,44.82157249963618,113.81011420115865,108.8111608340389
135.81771733524283,127.21989903938025,114.64241714185378,103.80643179439613,117.78522649693323,123.54519977268797
18.56229639046787,30.067543422170974,61.3087499846325,12.106064514126214,24.206030115317,34.2674165782047
162.459523202322,30.171458931897178,12.908139992577182,17.08522862790055,88.97358055309623,51.45226073348696
90.94542704061429,6.6008568480377345,73.73320108114176,179.8006701659923,55.29186416871297,58.78907236249105
148.7623438993935,132.5523627118153,56.01914911141085,58.795064896663966,118.23526772035056,108.89674631337812
57.608928185510116,119.48481497192492,121.88171515230168,134.67310416879235,72.4582366896056,107.55487127125761
161.1941811293161,85.4335576349665,109.04026490148426,145.19970954482696,119.52036878632389,114.08291437917867
70.05630217214936,151.9506808144555,65.6268710755572,154.44418878130125,89.09281407765113,111.50773158178549
1.9507772664537049,145.02062753100958,39.22065976589822,179.57309353238819,48.5069648228217,86.98063288830264
162.96875575546747,105.3637855914154,177.84647390800654,43.46936734623621,131.3363103223704,134.14508158155115
16.43160182150404,156.28883049238655,81.72029181530067,7.263148834745947,65.42311526542916,88.5858877937194
57.47645476627468,37.05141780661828,123.88936244044267,74.01447323902548,52.69126828272325,73.78834953030271
171.01115406914488,20.14553149159102,25.29953416410494,23.414520569210453,95.88722500798288,52.220054246549424
171.1092864487601,48.55493007305813,87.40614593869161,4.036660049169923,108.26677243841895,79.07651628956198
103.2188198621915,10.275634096076674,4.956609576503787,64.8768288854675,57.811728594717025,32.13031982751199
113.73069819056387,95.61051504018576,90.98192122388099,141.07288519354256,95.28826718159114,104.01004907949107
80.72019395609756,168.58902461309307,173.52313328118643,101.91252442051275,108.67722157730708,144.6589304791631
52.77793890565162,7.081837320331736,69.15720833744405,56.30003805786373,32.88911930524567,38.26677363743705
59.15961816658487,21.979784521804824,7.019282263484086,117.78156098868955,37.44958437478571,34.0647050247856
121.05332209386691,81.39582509101835,5.572042365481835,41.76327245558593,83.83870297579826,60.26301018484393
135.4274152987824,168.09750315502288,69.83761679043651,2.5886602929753044,123.85015482188471,119.17572320407777
142.48422787065275,56.908098895815094,28.804488563374928,137.58360955855693,89.56424120377616,72.52700347489531
142.1312657030197,91.30226556391064,4.203377339073464,112.27375527552164,96.74418039079194,79.09878166780321
16.417098548764265,7.4831146290705775,136.11845051103182,137.2144724101728,28.31487152024041,61.252588123003456
88.99565484646466,26.701776173175993,82.53414159874032,7.00884300377981,63.42445255903596,51.97190011759947
10.360576802995972,177.59342213259245,52.06405895507781,150.68153300951738,67.50545594107203,103.7849457826858
98.9151988182724,173.72136535848819,162.01497294296652,111.5147160065346,115.32971627186818,150.5955549492147
79.47549024720786,0.8891965681937308,20.90501283609461,101.41116312827522,42.237512877493295,32.28687417020235
159.78675289649397,171.326121376183,172.06538921195747,112.43052866061568,145.91073653188943,165.73669465112286
63.16470225937417,115.04158880679006,56.51400912792351,155.59798443630552,70.35483893012233,93.2066079421622
21.072062956969056,156.225293013604,159.91266101556263,105.64857118060327,71.55863151728883,127.0810149288812
25.738502769510454,81.85317401409463,108.52971776630308,104.57106837987227,50.757343378497055,79.98567878287209
137.071913709145,92.80728514426504,148.80732475346775,178.32224827183785,110.46641551699527,124.85203415719616
111.279251396927,87.99238444624564,177.12236937788356,136.21143007234224,101.8863366375136,122.98348266775736
18.202081702102245,120.03556635829878,51.91297880737423,79.61288498120435,51.51125041845522,75.58230690540611
15.139225100699537,25.13722585613632,173.00438737336674,127.33146000592698,37.01849654873692,78.80877100226188
126.1744436626416,5.395246177082031,70.10674108243566,70.06148490452193,68.75758134640952,51.088015209023126
13.097341145554836,55.42738948641436,69.39214285264602,41.19758324702982,32.634568183539926,49.71159880095
147.93481067226412,126.8425372925964,61.26967876581102,107.43333783979669,120.44001614129354,109.76439291586072
127.12360088816932,36.33362138213071,97.45336932256534,167.07277766051126,82.26046611492634,85.34636878067579
14.642780515541958,121.21783799848512,27.746107772127676,167.2451136027833,48.47561910747561,79.04658267245084
15.270788535334546,174.5841682993087,99.66806736444201,61.542950058988254,70.64974141995654,109.78610039052354
177.5951241302116,16.90212884209531,97.50686623380072,94.98194391990509,103.16393482120765,83.65051444117296
67.36874323610166,121.06838128052273,137.1423262688766,38.094461742575014,82.07124765515132,106.42132417364945
66.71558647204037,79.87503947482281,150.0569931487654,179.213599709799,70.8877854904452,110.10654598496058
146.30392210635046,156.26560578795096,79.27944305623633,176.60122341622844,132.059211286756,136.48111478399923
170.50474392909456,31.886962100529463,54.419984883268874,116.91160734734052,100.26182472094798,77.49627672429074
177.48019148811676,124.67267140070962,46.680281517077006,144.7945307419452,132.37418531904186,111.66436120036735
135.6080733466095,150.86075213665984,35.03229060687695,128.718029031066,114.9836926116553,110.34005345407077
67.72672539556484,170.0305595053242,10.376564795824478,106.76847942710427,84.35048113651885,94.65705685180082
15.030129005760378,122.98464509213625,61.6406361902484,9.602639458001585,52.738491268045784,72.63084771103391
139.88644486693863,89.49145752151692,48.64458458354099,81.857581659479,98.95596572517543,87.92571263303377
100.51276495244491,111.2125032362185,173.9551294559533,121.46153439013389,100.18521885687278,127.24246121272428
76.35996166445572,156.40289720616929,100.3875887250079,121.95569049906324,95.2076636887239,120.28067391060144
163.14378931705247,102.70975439498935,62.50986702549136,67.16207131602904,118.85855288325229,95.14197219634427
20.015546815107243,5.469670745430635,104.48416817886527,169.5045575984455,21.738904879037026,57.37057388630162
88.67251877235465,167.57076519125602,25.055406242225192,30.12426580262058,97.9046691299685,94.26710980254957
2.0436560581354324,124.11481518568101,79.92787485639653,90.06470031880092,47.634771582047286,83.15121765438755
84.35891555894273,121.77240943990438,112.72217785579149,124.3591157791481,91.45267348794047,111.21401239442645
10.134589622730722,38.82152743158909,88.00160972264125,125.48444506052566,23.542306395770556,58.79651147005356
21.387224928252945,118.5993846418783,72.32018411777837,116.7550122183868,52.93713607261021,79.41374241677934
21.154724419878878,70.89559301774852,178.89271000194566,49.55187842133483,52.124836839212435,91.17896224914055
116.85785438089144,117.22193586746857,158.45665718680686,28.117182363591954,111.23046804451472,120.39742310057157
134.2880782677762,19.18674545543833,112.21307246869922,114.46925882880795,81.3756511144274,78.73588868403776
105.00637771748873,118.41215482854649,102.4879250128109,107.87438090509879,98.97858760929381,113.35240616054075
173.19105872541755,179.89447063871998,111.71888636842513,32.28408185206337,147.77930869241763,141.56541517859384
67.47670431426673,8.678166994900085,36.236179408037984,126.9250462027014,40.05929000052792,42.073558457966236
51.42817553073493,175.8913531598371,71.12479378757735,81.93095851205815,89.38950712556829,110.88521593497302
156.34784307410285,73.24343293011671,7.102715920361877,120.19690648856752,98.96143757358466,77.2404857169036
40.247250933501476,156.73562106070665,85.5982867476288,150.72607435862713,74.03549436874245,110.1614139015793
173.38005709931002,140.8293871304892,97.74442511237937,30.55111714384617,140.24134676318542,121.9202677219086
2.1878054441669414,102.0629269776002,40.994952498577724,3.446076239430602,32.72667303480201,56.09796506834465
174.57818880737503,132.92085766523877,173.52519248979246,140.23846555124163,143.25236089246832,155.01602774629262
7.7687841511037,158.13280103424262,163.70182996870355,109.74553652747088,68.88729765785848,121.80210519392242
160.4057604656528,72.74525789718594,129.98578238206306,125.9351225319819,113.75646414480968,111.68989219089549
94.98619963553398,58.865969081382964,96.00959317776527,150.86789549795566,74.28190988553646,87.20606037048124
178.73366330147405,120.16680940144525,156.5944487365833,144.5059682684101,142.564690765459,146.91791631178208
13.283381652371794,145.41226954942655,23.517421888223325,172.96562644718844,53.46020604690933,83.81491205504493
99.69377119223775,137.21132425979084,142.2917629694793,96.46831419338127,105.77309596359484,121.32913227291193
174.4744564114378,143.60645679455422,22.467746514032694,87.92921387878296,131.88769533694835,108.91716571367144
94.15761195062679,78.40499666632795,142.95791925889299,72.33969598033141,85.63621913163898,97.87422505246961
113.29175486434725,147.2101589115039,49.63816228524425,27.664387711956817,105.5252759739497,95.16562439799515
125.23476401723109,21.637629966709518,157.87630458327402,103.06930191876404,85.81191267680737,85.70717450702035
81.81739165819918,98.00803763295292,169.92757688857162,49.862254378676184,86.31000075760667,113.15915360965559
112.96045441513142,1.0365588896618827,26.783274492920814,165.83535219833558,59.104384374997274,47.88246690741078
105.17657614615804,58.425449382048654,83.28160891177083,104.97434476987756,76.46416819376667,79.43609937114559
162.20844188837802,65.96307627685162,176.57772806928332,106.71123249145982,118.48090141416037,125.24940928427277
8.180348461462417,71.31108448966597,87.01333847516639,63.886438957861806,32.56283169788995,63.92779829254112
50.57337412660146,125.18409720417519,155.43855405261812,9.358083355987347,76.15767872949111,110.98828834381838
171.07406713378057,69.94045822866224,105.97167398363757,5.7138777671379515,117.63366072956349,91.76841574569208
160.24748110036495,80.76485207205552,67.55938342552834,76.20032594757555,111.53461406606729,92.17418342340333
82.01821550142833,42.757943557378944,51.441039994656634,15.221768057502814,60.546342287290656,47.227882577488494
111.62386760427661,67.18532249328122,36.580156395495706,109.23245199722504,78.76329505052205,70.63742997282809
49.928612936603884,40.90853290736727,137.1236744479855,158.57514101513834,51.76533947898419,82.84652047864381
33.861808750277035,13.175266278319855,69.57729122814501,158.92466697337,28.942808525996302,50.06134960168999
83.4657128891968,108.62074680864802,92.0295831961352,118.62817382380183,84.4115864224695,99.7042614048031
63.603401044689505,120.27830373990292,88.61858640021275,38.02172966512758,75.09574291873261,92.46656486803548
105.05810013315697,111.50826228173061,103.91022526196362,155.33942964459698,96.67127824183642,113.72881574865022
13.99223465369727,83.42892788410302,155.8038862124194,159.49681835637747,48.33346490543081,103.1707231385105
175.39106537990997,68.36144043226136,176.53308184501728,35.39764529153257,125.87162993795101,118.29188502097273
177.51793400632852,155.40005692292854,73.36515754328705,132.7366954387219,138.54254451762935,131.0647809759627
125.66910852355413,93.43472132451924,148.95340597913454,51.57351880688213,106.08129050499326,112.84325113957992
96.49734594194167,86.25273797335157,137.61500303784916,144.47525622352734,92.3110567455557,107.92803085715735
55.71497093153899,4.615571845158424,103.23521126200319,179.50282198264847,38.845599608003376,64.87399003811005
146.48310354725075,61.42460897270814,172.08848585014795,5.404680959290706,107.42162885474197,105.46704207161639
123.25161105969826,68.43521138145427,36.085412795112504,161.52585584236775,86.51160734321947,77.87146345154392
29.271049082080435,71.78810056144209,19.667557855731854,112.07349604775845,38.76346691597917,50.73443556018609
163.96689320889163,104.43102646091981,153.71315405197598,175.2088714496678,131.06954027875219,139.6374574336491
148.0567037261704,96.04845841083812,79.0469669940747,83.70171315475697,108.23184977392633,99.79949155680447
170.96398439254634,109.42291670282003,152.45439375727088,152.52982750284727,135.01706708799625,137.6679307968425
130.6295115099048,137.6789870775831,160.75623693517468,11.230932347689901,123.87491969424772,133.87816528358263
110.41473526844217,146.33743296889682,11.242366851432859,60.35022901409323,99.94854113615233,88.31331351676285
75.2837465323114,129.262153720769,159.02365733749093,12.062976795217795,93.00025975197887,115.74613782360493
167.89112700372237,171.99426527188825,80.69742996649599,175.5617640262327,145.67250104327397,145.44594920529232
155.8915001100735,3.2818648817450935,91.8778480207618,147.0553033089306,89.86272508169337,71.49726049100019
8.139360619114093,35.240037423038295,112.78665199677785,153.4585358242747,23.634318111998862,65.86625727731081
4.746055409505361,1.3613174960655816,166.7488692114156,168.83374165810096,21.096626248224887,66.29155765860118
67.76340603804893,116.54544854782854,3.4408969973575254,15.318627501561364,69.06005007304374,64.3805580377726
145.89959954072992,161.64549881099765,85.83182429720708,69.4075666524,130.172380039416,124.60312136310922
177.70970327669,43.82681338373387,123.78996763750092,12.786280027920382,114.52828639921864,92.87382236657159
27.075040398635075,166.8662180633352,130.08725238568113,37.94275827900515,76.3056248792897,117.19361298125538
106.94352876338432,10.848130252120953,124.65583767667944,41.285839866781025,71.57520221921052,68.9761661944728
68.56035419358388,168.19848482499256,24.198323293461932,84.43929798856416,86.99211895393748,97.197524852085
174.58459160662858,63.292083703134196,53.89120590690262,48.341190141655666,109.42994924817847,80.77263070295635
151.58140616442756,18.255749120858972,64.56879457506243,18.176059227196998,86.93724756403826,57.65398602379785
150.89916684800482,87.45691665353861,144.7986973823109,30.14839603693939,116.52391759191603,114.55911823103783
84.36476876309465,46.21978218969143,50.17677703461955,26.509601439376368,63.524426310510805,51.66586944248371
74.66751042077973,51.27712235314611,37.92689349609657,175.1538236242137,57.715770635841025,62.26366928952474
49.21327294752712,55.31219368673158,172.3406434268573,136.67265124532526,56.73328836497467,98.66772808685343
10.14758939716688,144.54466160987943,1.595391320424402,174.19706374852115,53.56711214694749,76.1534326879916
155.65002772590958,97.04902980154581,179.60775402275607,79.15328757142353,125.4300488276501,129.84714543483716
146.32218164341396,56.03538584808066,121.82783379433121,50.106326699278185,104.70527143156232,90.35036495180272
179.9491811915035,109.8600809959653,149.12447390084108,143.6927754976536,137.541633417471,138.0746686777835
179.39463067330297,128.90712136017484,53.031491342314766,58.725705247406424,134.73931936834634,109.05836255837261
99.97770700847295,49.072320132036076,2.576749980070796,53.88900726696269,66.64716155089118,46.27257863054793
138.41773473249188,74.43883827456327,132.81651334107542,41.85107859740961,107.25855960623097,103.39175660698623
170.05783137883705,21.93949680065056,150.14602746012164,23.342216080362363,108.74010408638232,91.21919068943194
152.93653032193407,32.606882916242455,133.28570375163343,46.16335098301788,101.32329441114906,87.85036101556926
44.52265831377558,122.60121371369691,25.713051714150946,63.95755472529979,60.98282498002374,71.65829678224972
81.09794435581684,32.65890258521285,135.61702600625443,121.31895746623147,62.76485347018559,83.12046839157834
23.248694727269097,94.52940906007083,138.40610077937538,11.261671599501284,54.48899518024174,87.65464028910203
171.72918490657003,127.62832711003789,118.53729282060988,37.89124913976173,137.87307601303948,125.00010898445468
109.1114342011584,19.23784615705389,137.90086790320552,145.62425525250174,73.67171633646271,84.51184949084424
41.15570499062329,102.11619953320263,152.2658591419918,26.445946245078737,68.56964220090038,95.41624117634004
120.90612319305421,46.181301066245474,110.44874056274251,61.67612637405388,88.25755946364737,79.06556934251272
111.26308328242125,173.32683754276437,15.948848514542231,155.6386059344652,107.39183591734731,113.26440616548625
64.46928924591128,87.03821640958645,87.77300574009796,27.886556005819678,65.44956871224882,77.98565878290731
20.440366595933224,145.07865895952847,13.976880240888912,14.892630411274181,54.86071889210337,68.95659106660545
120.88317520670392,99.04077758812711,73.35774558583755,87.21683911440195,98.10482077475223,94.26463477107899
93.65538616268279,7.814255913867449,73.27916804261298,54.43551203013655,55.45075263222883,52.097950705664594
139.01731051241507,113.96724760692402,11.881771945243484,101.41350560709374,107.59141209054337,86.1280063003654
93.62943020015881,171.25260159719826,62.787696114506275,144.68488028702552,105.31739891372642,122.44226201637991
153.39267005733723,108.29012762633961,19.97965778243667,24.68672786749377,111.26023319129564,82.37966939350459
99.3432309794074,147.45399469682224,145.48233780165998,104.5258352197713,105.58422863117931,131.7308274077268
100.96883487636953,159.1571634027134,170.58384467360474,90.9915768701755,112.65831929350422,145.31600404009376
157.7976484785021,41.054358950807845,13.016965546428949,25.934181482375923,93.07884697969992,55.29905332555783
72.62691591823146,38.1680711834808,171.92073731250625,112.31972739521683,60.690761793100926,93.31475110884601
24.122741121115332,109.97657799317851,94.06378788061413,49.2552752149389,56.48599756586077,82.12240015128499
5.180881736401015,73.98512456520685,53.9218220316973,87.81017733792225,29.86185275218765,55.512004353230694
135.9247060212514,151.17503451600967,13.835173549709431,14.809018369871138,121.18456665958902,98.06315289829497
111.65571924362364,162.004162211642,90.11236825267521,82.72513029845214,118.05617761180416,124.80754552942165
126.73435825786024,63.61584827448926,143.01279800833476,55.16342424770766,96.39031527361534,100.65904657860996
38.33354907160393,42.636700615406774,127.27556590800567,148.02861801336377,44.47266730616193,77.93051995062835
24.546865605618557,140.49459274389514,9.040682063515277,10.25617085952629,57.3170418603334,66.85934632488231
2.618039820218747,49.465086398664496,13.122330366222632,75.34930948529939,20.86712408616706,32.81726213468918
63.105760585187454,148.0705773324621,72.51719087387468,82.51765634365884,79.9497144648478,101.90871545209869
106.18518363383396,76.2728856567773,53.15228892862979,130.50109373384137,77.71693547610377,80.13485839091895
70.60392811795182,120.15898187246468,41.82917815008861,103.37176351623798,74.28850682461542,84.90847349390124
78.74548596427123,17.196356490240273,50.58080980356845,120.09822069495259,50.75520607591226,43.47085332776004
162.74856500887472,112.29467844178315,144.62689379343922,139.86887141731611,130.5191225973314,135.26374133684686
62.68598406419406,81.31818217270124,167.2610496537337,155.19653525847397,74.60409455924847,109.7854859436661
92.51810804876594,105.58952337158534,72.91848501496196,56.49758941004469,82.82836448062415,91.45007540044615
141.05754229340576,30.242557394075416,163.09998038384947,96.84408696550253,91.27924867737269,98.96162236963993
71.37770081782863,132.63727408995277,57.86922622461875,151.21945411905597,82.98298364896631,97.43523623976813
111.97560604101723,155.30347395778114,85.75865754188249,178.10120357371017,109.49831841610073,127.95446810299543
155.22546757441413,39.013164016339616,40.68521960687995,160.11347598787737,89.34822922401966,72.77503043214539
170.91371225837557,17.22861999362911,115.28568759165192,66.86410727238783,102.44413837836048,83.29312228528605
26.473226567226828,4.254945488340551,176.2166007314656,35.12997309935707,33.721108379699494,63.95649576683594
166.785772529069,115.55487007978788,108.62875728780816,88.09065673318597,128.67810875300913,122.89247465960652
88.58093275431688,109.27692649598053,64.40653514043879,133.49546133048761,82.59850106763149,92.51670024104686
46.483989893812506,98.4055342885326,116.6071402782951,88.66243273559357,64.10564479700372,92.57541324367973
82.64443612288703,41.75047730087557,22.125722123769762,86.97255539646034,55.3187679392816,45.834006730851335
176.40586355138586,70.36307926299264,159.95863444777174,150.8814757947241,122.61162477548756,127.9051318931276
88.67125691871652,107.00574033351114,90.55511114037054,65.05268023209354,84.0635003194678,95.24609124334853
59.17528985175148,89.41803459465049,80.88295356713557,154.7630414660962,65.54391047101207,88.33507206701593
114.01215377701064,177.8013936386797,105.45566192163345,73.22486417131024,121.53541825502559,132.88541126720895
43.22621138007475,24.55915546021196,112.46109530209245,59.081959022101096,40.56308147024385,58.94497473451516
13.655399059559505,125.12601972856689,12.919645120772344,81.71818401594582,43.66717299672029,68.03787785778214
23.19834994391686,72.77737825877259,122.87109982021244,137.24045256147633,45.35649210734012,83.76580798041975
23.04825101239904,77.07593068661066,43.54770245679533,22.68036501551897,34.64754486497654,51.04966008313474
27.342484832212982,129.16759781847173,128.51147385118617,35.35545885696313,65.62962247453741,97.05227153652062
24.988891076893825,124.63850723838654,148.0562629891554,171.26006861935656,67.54933942450556,114.65954494621899
115.35745406457863,178.4260788663939,144.71253135945366,31.588492928644328,122.72953956406865,141.21015764636044
32.738415191846066,23.11097210174254,99.45017413342003,102.19091722758982,32.075661293152294,58.05408293525504
62.220110998295375,18.739736889149942,93.63058061593522,104.27660399914882,46.753248184906454,57.94418989151136
161.42191378308212,130.3809870831734,25.71767304109411,88.13240316904407,124.90270558945745,100.49348676049419
85.31309524731702,104.10964506115364,139.5623070725644,116.05414474382735,86.94922261666073,111.36681318106817
120.16039293378489,49.348919980765054,48.853688480408586,41.368810643571315,78.38574065063102,61.49512084585407
31.01757681629337,14.295486418017589,89.40517610723037,99.47920819981468,24.800105659442835,49.281126494033934
34.61202338556074,15.418484927357497,51.169336726953006,66.99118594444148,27.25536710229913,32.145202970227906
7.356350927966195,160.9543574395413,24.089105339944766,119.10010673325402,58.45754531012745,87.55163459005205
30.408311352989617,34.536118449373724,113.32038544051258,25.420237807166902,37.45174667928754,55.103404466958956
50.14626102575255,58.20688118079374,9.779766268122689,102.75793503110572,43.46861353555924,47.96553503189167
31.861887169814427,40.798152400857845,134.756142142716,33.34866396899827,42.29016814097014,63.913350239232905
15.96645607627001,63.899335049748714,57.165623147001,50.15575136070655,32.84740685986252,52.255967576416886
21.714456798108145,12.496291694296806,0.024244740807357612,39.36776405824498,12.982511636903588,14.62934708103605
82.94017824589064,93.43076236348867,92.00324506270137,32.91080037638708,80.34620216961746,85.6207982950345
37.14006931304265,12.170261446598683,8.433343534968563,148.62797128092006,23.5159704902213,27.700061586230998
65.56857498865358,144.0641714080251,49.710520407761905,51.42736217896026,81.00981746137782,91.29437228036151
90.61510875387424,42.06817474387795,127.25576774202891,166.8822807356009,68.7028515197469,87.449137675026
124.27106915328575,97.20214462881191,11.284131891935855,174.58677456213437,95.03160701834955,84.07346219578375
7.076185171397809,158.41423576106249,151.08092862408043,102.82688458867752,67.4998616670919,122.44672458670709
143.8938718036277,117.15792642849495,0.6875860785449595,25.740202079830752,106.05723076348221,80.01564481781156
113.0220701083634,95.93240157924035,44.4282964563424,67.41868380832463,91.73723488095192,81.07809785618487
14.716625750796943,58.38007556076761,133.36273010737287,143.5918074026785,37.21346687759562,78.71374199510046
157.2441523392199,59.94034435047563,56.92862695127522,66.13033116547268,100.73303518485808,80.40776483431246
165.75703209572637,120.50765193567422,18.340629851882436,15.663099294501974,119.34546837879313,88.46172855382595
10.994032773875475,178.94508501981016,64.84210538407702,100.22128396707383,62.12261532511231,98.61096937816882
49.83797666649667,119.13105417288816,48.6707915492146,152.12175326928627,66.46846850087266,88.99868944678065
145.11623036275103,100.40101512660448,151.68814238889988,143.26674968583043,114.18494420157015,128.9683041407056
134.6867442690585,131.5170918430643,56.402625165325766,31.52216522346358,109.98187454144957,102.02209215894766
33.21378348414792,83.73701021106926,142.0078449196813,121.09763059424401,51.7776032792058,92.65913627890048
37.68287820060785,10.825621668141338,160.53698606593224,39.69076741841648,37.97068482175777,57.64358924260742
66.68497850244876,101.21342685802377,78.08713552377532,39.277356219391,71.21458994046529,81.73441043946134
87.21413733438384,172.37255121096842,163.78976589379056,157.33291919493334,111.04441819348875,151.8451969922586
111.28585887545327,31.554529624378734,67.91724971337472,44.94041149324143,69.81585790703657,56.366856432965804
66.40445512255903,124.20088034771983,173.53411496821948,47.384522373242014,85.47143565554413,117.80293079965658
83.25624890396662,36.168063958630164,16.072114414603128,0.11761033703391988,55.01449480812582,41.46230620976952
134.5447688640762,96.44898320515463,123.6634679705837,156.72042614259317,107.47232232722587,117.64840883200392
6.602976520307622,17.40176093640953,88.88652728224716,142.66706637764426,18.043385912373676,50.67588245381634
45.43864998192374,81.06676852647333,69.77678498201647,112.91920831632204,52.246536674857076,72.43807407847444
128.40292545921943,136.1093992011443,113.88813817474816,135.04783750899162,116.78522179296998,123.61496417791892
161.13723078369588,62.562874363016775,126.69427649417962,27.368742136408525,114.61346142480306,97.65723657024883
92.1019395808199,119.68411040769925,0.7853885370556357,82.49824702576358,83.20707336721087,74.24826422236453
95.78042734775681,143.18099294215125,30.05155597449577,63.21948972278056,93.02483951754039,90.9661419337019
19.290962041159688,166.89200750630147,128.34828911417736,16.87977472626297,73.06231012459989,110.57817794661925
80.53422602822184,42.235574733981636,119.94937444407716,87.50348733868634,64.4513925296527,78.26477270962008
95.87110796190417,71.87686484567547,173.8885509231619,165.73313706167437,86.90322889636037,116.36461261125942
43.64469065425134,27.43488239947514,136.98680224514095,7.2106414291250065,43.100268167185305,58.991983571200386
48.46378157088857,178.64703038850755,171.13908739164086,52.4629644288829,94.61123822938984,138.71196071308515
67.91114935883208,166.86017422637315,126.45729027626525,37.35736851702662,97.08354268110286,118.10047998625308
3.6128155999907463,97.19228345050072,53.64939755509977,42.86639765982534,34.342315191491664,55.88022061814251
57.97424980497209,151.56599298775583,18.965686005154165,163.51821933828754,74.32173374534827,95.74113588087491
38.06064125937804,93.7724359089676,140.7282954020884,84.25242976217223,58.45779583492572,96.77887475657711
58.94952339202464,112.24542384049674,115.94685986566486,83.93389432916739,71.54253262572041,99.75073087707175
21.55718372746522,16.04239778088299,8.673482230793322,136.9036156419508,14.02409403663588,24.229905081769175
160.29491053318108,135.94867568942541,64.8090838621761,27.808596720886644,127.73189137324403,107.24621533179972
106.84664163972876,22.988427054342267,172.22396678717152,87.70776373800913,75.75667058390046,90.47717206426202
122.23841744600813,148.6921734454551,90.07220622783622,77.39733854179075,115.7613103078864,115.49416065276539
142.0508229493209,140.76505578066946,77.89124448354684,107.4439242983981,121.11348015472109,117.34989536098936
89.7195958072303,127.57404559373576,82.38592892867291,179.92038658507894,87.43359604772706,112.98601541240349
15.645651855736265,6.508868494457181,37.59889032092947,138.50080093476848,14.845326676741614,33.71703568726425
96.6791775273386,54.56310407015915,66.36729075566313,71.61582654313689,72.96684635146677,67.3939775092269
105.63140124375825,47.360262583951716,66.56638607769179,148.95954940932845,71.69269265516412,76.4492327552049
134.1791053531794,64.82455334487344,9.423903633745033,30.727505396246432,88.31969212921622,54.83744389715848
77.69871832134228,15.775694417490937,138.16217313322528,5.483463535612822,55.68528832442256,65.16592220702091
22.964454503201477,168.6524081455913,74.97079774269821,36.80070704356915,69.77037022304462,96.61726735658824
51.0796630437704,99.68440332822773,147.9923796269562,61.27408010056674,67.7153936691392,101.22950707160464
65.35481335175432,54.99437591844424,153.06264020158116,91.90453634272077,60.8957705664994,89.68245389599558
116.26510343968822,71.45667307337102,38.15892984575845,110.72324529741597,82.6198122472053,76.99652142032285
102.74009484040414,80.49645729087042,118.32362679062314,163.9090290985959,87.10388939397583,102.88572153479569
64.09741066161233,108.10698000491111,85.0107247493367,91.77372171908239,72.18651241998396,91.99807632611983
177.57274478273635,92.8222969853696,158.42821282586732,90.22961603263128,130.10782165312068,128.63587827512538
109.0394674842397,165.49055517859512,38.83332225176174,9.043741768136783,107.25043439661229,100.24187546460885
42.70082251247901,89.45342692304945,122.00637605580796,6.284079478120286,60.9256664438966,81.18414824995158
18.32084507167267,178.58844266819628,109.39538200549006,99.20879314494697,73.58670747659916,116.14769378876653
27.514645053179766,153.25649239411723,53.1542659629299,78.87215038470201,65.41469890231646,90.61082286381868
44.27239110921146,37.531892584320445,24.588162657211072,151.05247109645376,34.514349194714505,46.22363471813552
28.92264718672002,167.50713863590494,117.29515688590978,28.922325248132132,78.7864167021548,111.35064497910557
33.58206432923504,20.945951619385696,132.94754246381953,4.494899181068927,34.01722522370562,55.597556462239766
51.31713036489248,147.14094752841447,56.812921877403,80.82697822742266,76.45726222288431,95.8423685695319
31.207247153055867,68.51219282578441,116.06986872401649,42.74614021540635,50.12805048258483,74.58891843176525
161.41777643275654,158.0353776801125,71.12356337007058,8.93058720099074,136.19367404291688,115.62658744606097
14.442074219095598,156.25020421934107,128.37723899087118,130.42769163257321,66.52877382030759,118.68198239325577
94.41205012264584,145.0665720211718,35.85874948092956,20.086739992304544,93.25527752244145,87.3026648222875
73.87142885813907,142.20547853527106,160.23870047451138,109.49751000139891,97.6934033391945,131.85355010450502
176.82815104354916,54.842245037647345,51.73372736380435,50.58895503004005,107.19417191892587,79.12101950531982
20.167002390249422,14.565470949225393,66.20147779610753,31.229289063903963,19.133041738743795,29.020327319637687
71.6140078282335,72.53643217772907,10.456551374462961,68.35527412547714,57.81847317389832,53.49582575468375
174.5046779895664,31.23441269757156,20.07219821782975,144.26023972013166,101.10519014086164,66.90539188758336
155.79128266091644,125.09119600244311,92.85514248821906,70.57684384282308,125.46804965209485,114.59143154803782
147.0729727708704,62.29795077680139,48.16668181103487,135.13853685799003,95.10644828255863,84.99933775540211
46.42250886808917,175.6098361547847,150.386440633595,22.587533423847123,90.31223393306968,125.59576348672007
30.759765730211846,115.37497392215977,2.6448099578916917,139.09885553971424,49.02820974935043,65.3925173980091
120.35577958639757,148.04650145418498,68.23692876094852,42.64799848319676,109.99595512108206,108.17702485556794
167.28767804296544,23.854441093532717,60.72219841843668,121.9307633799971,98.83017030849977,74.78022740213373
100.21732074250735,155.16260680907206,3.4789735651681863,101.84067987137934,94.26185351196511,93.05296975679845
102.89028410458198,166.096294292411,22.38631182009184,167.24604909810373,106.73022323349223,112.78981408505723
50.396236858851154,87.67114538740846,74.45568148535435,69.71805323555652,60.6014895745528,75.51816661982376
138.50872797454863,109.12552879517594,88.71562520054039,11.90973399019928,113.04530848708855,94.80119543269927
33.66787474035421,137.66576416253918,72.77215450587644,3.4479873992255228,64.48500304547598,82.91739177775798
58.262262552763865,31.47095290687426,95.56878211417688,148.83454097509556,47.82941392170368,66.6712382063617
76.57855895095501,90.46189376341964,107.12370148302267,94.45241477905779,73.27391412375624,94.04154312523029
91.3698681632019,71.75934499901636,1.7862878030104135,139.54392933029087,66.34204154747329,56.218356793430914
43.633751834714445,26.34731858920484,83.53712870163069,42.196608002072644,39.06209405956805,53.64449663075674
20.670628453056636,66.15619601247566,173.4298633597659,62.115074192382075,50.1172854898104,89.89912271255798
109.91160763949387,12.271015689388843,93.42581042331877,5.418696998037409,65.76537593529056,55.75809423828907
51.95349958324604,4.646143250907658,121.95760814261158,173.06861842334018,38.83534170718595,68.50643693496805
104.62287985607021,24.3299320478681,56.13549442503898,120.21622320614641,64.92137054443438,64.20612754411287
27.785288749356415,173.3607200860513,139.31844806749726,167.97691579667512,77.04112680285836,135.2360650733853
86.60521833386714,98.91531646110306,139.1258667377007,47.78935333723302,88.07248926255137,105.3014917991914
95.86609785928546,173.8479890075796,93.83328857774501,110.06345002061894,108.02279382620588,128.13012679920308
9.328236628036844,77.84961809942375,175.68248819025845,122.12999429267481,45.19647186051734,97.64018894498798
60.5887700749057,56.12690395534672,22.599038657277607,57.15894604636592,48.48846134596087,46.11253091092989
24.194641849015362,91.10553531124394,3.050579680124579,152.65966230281342,38.15536247445397,55.81005864519028
11.407494685098193,79.11210395392382,138.62847811627728,170.48906332204461,43.286136369392864,91.18976208627782
178.19284183019013,19.019643167113905,145.28799672567885,159.27392118528078,108.89989438066108,100.05910484042936
58.02369209545014,115.34873664423712,21.637301241703724,133.03205566908704,65.03648140060923,77.38688611483465
145.7774002538343,38.88687285172793,47.804909932549094,49.94364235049173,87.87832973232975,60.67673125181916
45.83531785747749,111.52583188160932,3.1594254059932037,50.69088757901371,57.33040037538677,60.176145752125976
122.67049000030727,117.03619663166761,52.795549940501644,173.40485768028682,105.03289352068865,104.45506618682299
136.84101478014358,27.364473563156658,139.16553730536089,1.8512092684245651,90.82617765523314,80.54264509651549
107.21497330941197,11.042932879920269,93.2328949882642,128.88899518358602,68.23589244733074,65.67467268864837
84.88371393902851,140.53708549231916,62.65720677029186,127.1243092599472,88.08825944393227,110.85489068217666
74.13136454650834,82.76407627847763,66.91307308313945,112.08411737096354,68.90173534369895,81.93446888309153
62.796287977739155,10.469483190985642,0.24365262878426774,178.21959229563583,32.36861757110156,32.15302088997151
167.31524596460866,179.07593709055809,53.96409496174246,56.13829843747054,139.8229637505822,127.36221853626857
149.51149340179126,10.400500979345995,116.36257349482749,61.19493548278467,88.0334115292641,73.87475238294871
173.70484391997226,125.10634119453957,175.35499988694428,14.209092530379998,144.3036229758696,136.78195502751674
22.37350022739805,177.06220654741446,152.47094885710192,79.70366457787274,81.45253862097286,126.33108963711537
131.55614553665598,43.05241875886661,4.247093636195243,46.98873472227265,79.6045172037163,50.36963155548219
168.90128222778682,25.60488636369531,161.74090884147108,61.80960639197596,105.24079678736925,97.36268381253525
32.621951909818826,21.8492890960372,140.97571439375267,150.22292224601298,36.57077282031997,74.51476461115615
11.969328126019949,54.5895265621672,140.46770224277648,168.38721243494922,37.01169227374126,85.19627259545962
133.40171687221064,18.188245981916403,82.43923662064287,33.431952960933415,80.75232835190172,64.77843681991779
103.40516037238415,124.58904150494374,71.6409527318105,67.05160767962386,92.55580074389475,97.00932173181167
151.52917981648898,11.212523663411284,54.52483118997467,167.15350118077095,82.8001944302256,68.81437612511583
25.15902779273211,91.69598306696214,11.82507461178584,11.125522924060075,41.142660749335846,47.63518189455764
143.14811613478022,179.40543369353583,41.08236542886584,16.624895060048132,130.5765065373718,113.43063948882701
36.29291760859402,146.51464851108338,44.38865429604443,29.302378057121285,62.14746314502657,80.56773310589186
29.45806971582681,110.73949888158197,87.13387254783629,107.13831014283745,56.340023826211905,90.26044760598472
29.56784362757873,55.1256517415901,134.53999318740492,27.085008781079544,45.06171419476479,71.48932000794532
146.6234496416488,112.30125053249492,85.28576911163039,174.25374866113202,117.22990086876834,118.52823124235351
119.73549972531602,94.86746350409729,10.41200090048891,80.40861490653366,90.75490417241096,71.41439508384632
94.15177645844147,76.69500910026687,172.4021641778767,90.27323286302995,88.48975001470609,107.81776253841664
64.58948714223045,23.527867813235904,169.6903774369402,44.398550844973165,54.722260645376146,76.53711332033559
157.89609734635948,159.58875874328402,141.33411776671352,84.77284543825203,137.14208379858968,146.04420006564476
70.64011933607436,80.96123678783805,178.43902228155972,119.14445387466208,76.66622741842177,109.83023064064952
146.98789910488387,35.032052127737714,98.00681990404733,135.2118846517277,95.80751083158512,86.31394549115805
79.04428354263932,66.19668315791213,173.2983030455771,135.69625488778433,79.49788607829989,104.46963599800729
67.84999729648337,74.54335545520686,13.60890731101514,104.0204002849359,59.06999422050083,55.63195901823781
83.28236142052916,148.95682120203736,65.82253468704684,162.7847594988943,93.76916218518393,113.606259617478
54.24801734954558,132.05058850105237,40.56862824121785,147.13341251509968,71.55532734598222,91.76134963476119
134.5696884317252,138.47488085544117,35.2499551441686,136.2686606457526,111.24006649339026,105.72198910557361
90.48967021664625,1.9856275971564985,25.344530800681696,10.008993902482912,48.114855880431,25.460915094490744
41.79828512642712,74.90771967235708,112.0344554818794,1.2380331995368765,57.91304306476128,70.00207775569375
161.92342318942232,86.64194729435825,140.6379340345149,38.240509895185134,119.13297317488637,112.31035826361813
69.10041984717806,3.4546098281502036,104.09371189566492,119.43424690442141,49.225521643020286,59.6625031431279
97.83951500051795,46.76637757410616,26.45328772587774,74.01554799885825,64.95094323609447,55.46848653008386
163.16497997361844,136.8521681619843,146.00227858802475,72.43312667387612,139.88923251239714,137.42479603234852
112.36283926451858,24.67974703121983,114.47184728947113,159.22563988133047,72.21889845157727,80.30159998839646
21.041647327505533,96.3558236614665,69.86982710285919,161.20131266373096,47.586361874807935,80.36742560305123
169.16978225042553,38.73633696310275,121.34345319649134,163.65154752964543,106.86659726189748,100.44961200598645
112.98744955285521,2.181739435900789,46.782896263709915,56.498053772704914,58.99600184972046,42.11835466359241
60.2830106382755,43.41626236791747,62.13459752895789,124.39004629306712,49.816911867230665,63.15304314369024
25.068973079409705,175.6572758838097,165.14745176375823,48.89397262938653,83.76535805841552,131.36456861860344
142.9245340686533,144.27668013893813,52.29081102085567,34.30976995340096,118.28446930090666,105.72974779540561
111.61309606713243,172.723795977786,84.59788826842859,33.233842322526456,113.08544373282807,117.57105031509668
96.02299655573788,87.81372790674524,160.22540473128262,61.57937175544693,90.19446759435085,108.97844220371645
160.90066494917238,19.75251576195063,127.38984304815494,77.3923715603679,98.9402008504325,88.16264394667306
141.94749802041554,98.63270801526473,11.196580709646495,149.5708507899123,102.77985874086083,85.40737477054311
27.301478351895213,81.78792022079296,26.51454797021466,21.580396825088176,42.737759181935935,50.990096012242866
56.10997220319868,151.98427489313087,1.4114863389450272,132.28665253108096,73.67258684088813,88.25330613172011
44.728045166603835,17.654864541164027,113.56592224124941,95.66188455407496,42.72808079936459,62.97098564185565
133.91033266308185,87.88340466392007,80.5812165738753,51.830161681678646,101.82677887717507,91.90329579157756
6.035838252440289,27.008759644917166,24.169473162409595,88.70752521590843,12.844641323922454,29.30704937838067
102.58014327683698,58.44166684021079,172.4281417902187,53.98957255986408,82.84225115129793,103.8484697611659
137.2425634333243,132.72427392980393,95.33875031021158,107.29475194289508,117.44711988599214,120.76411042007737
157.8178146171149,85.68326328637798,43.54079294032005,78.09190611394396,108.29519169768056,85.70582851588416
61.574714768863345,67.65989132623848,90.10864280784736,29.59299523419817,62.016798655650895,68.47370617698635
147.8263148409623,71.00573014260635,122.33165989231941,20.98495342002541,108.37300970062871,97.24265824248083
19.913712651937303,82.70041831307759,13.723059235241607,98.40522277298342,33.78054950015085,48.43922705959689
152.36141251221326,141.30297789067023,49.44668670862056,162.43434599149862,123.86077706699183,117.78439643971839
22.947959219756836,160.5752440092422,145.25378835911886,61.9123835803834,75.51499399202108,120.78015854988276
71.51171230086611,171.9602435707071,82.73967667247902,131.94001930007218,98.67395960766875,116.71983711787642
143.51316584031966,141.6426095259531,98.38388556581309,118.55904388915805,125.8627622693552,129.79971124069394
26.98513692277928,56.77324123464229,77.90688039770447,167.67988457570658,39.83692218017573,70.4911248927011
41.26525114187547,123.86424709557758,7.901989675740921,147.77658311384536,58.70227065641543,74.02747504905199
130.00546231075194,78.76856232997055,29.834960367628067,101.98894660298333,92.39341990197684,77.74468182046898
129.60657657829339,45.84071196828921,80.19749497354036,118.26548968213932,89.07426117839981,80.14969301706306
115.40657391935352,151.35688429666607,37.65338377342701,161.70956398512627,104.21013583105997,113.55102076995524
124.910720004078,6.9167428132185,8.996225158742172,71.91338122564827,64.73112670744486,39.60441308183036
97.69039980256731,162.31715858437624,151.85693952932826,58.82304705439993,111.18090393201688,133.10418851213643
45.323830603251494,83.06594363245215,176.61465524954085,1.945995054335341,66.00147015376771,96.64466448085528
62.2252788307055,114.69626582549047,142.7657173194131,148.77919335446356,82.25853524624279,115.61994092032108
32.68758902425662,118.68370599704089,153.68128590684006,144.17652607260567,66.12308632848244,114.69870372401647
163.5211010400531,161.12119332717654,43.55588345706817,18.80181325802725,129.67188812894747,110.64330009986479
105.01052305790168,114.60054279009732,172.91285559237596,103.83432860388605,103.3522684351687,132.5958854039623
72.15325501745518,110.50804525681112,35.44662680161711,83.51670567003973,74.60065122996744,79.69965135350975
83.16104465594388,11.997367300924193,171.2573658651298,21.367637191640064,63.380728910661944,73.46558700231546
170.51100113012677,93.31344395013673,179.0674729138712,176.50228087093024,132.01265353711267,140.12882655351396
27.603252560894436,27.0304201470675,128.11010503428878,38.645259743403976,34.16177622424738,57.85903079367722
105.5213697630235,132.7380783698674,176.60587172252795,12.102152416301006,107.68463409228518,129.26048735112275
91.05996219920388,92.1999457462814,102.51716032207867,107.07252831034373,84.47226949894316,97.03478335390376
110.06176237823661,122.44100025750359,46.71752097169626,132.9960018839459,94.76636974346975,100.80987470808871
3.2598330877512915,7.501122108429168,78.65925941981176,5.839820288493653,16.114372585146484,29.414014760076526
156.98230360994728,15.26256288824458,106.84096836818148,118.56917497086398,94.89503192497418,83.34983193633393
167.78129084705023,128.9382098512828,13.154681164862698,95.8125376712618,122.72627989028831,99.31291102772903
101.72397304605761,12.975180479761207,112.0217876311043,18.587701597508715,64.73394893529036,58.22157578977619
125.3971482978406,12.826210997746548,176.612010617213,31.054297850345172,84.02175009673839,85.90754996657135
166.04988861191322,2.179525542279741,34.21937696107097,102.2353735168945,86.62173582070412,56.69131785912262
127.30295417641175,172.1702516939064,142.66712093190898,53.344370432391905,131.8029322406286,142.3602189786075
27.45702772456704,132.75150470262125,163.42178288033148,168.8968311572369,70.26897590059114,125.51440614303255
103.73190483002637,63.585253530371546,169.86628670763974,147.37324130712915,86.46489366707158,111.24019589066647
109.20870834891406,53.37640463177794,172.8244087929805,177.04209717245934,91.68059781360002,110.68421218055038
76.34352083442948,62.94658135425292,93.86273496986495,46.740751011074515,66.54062498351756,73.03354417256178
132.55996241245012,139.43763561261272,175.91542343847067,174.55025390363588,127.24049358579374,153.1347940355052
168.18606265842268,119.0467099926746,136.315837284199,77.62209656248042,132.22217504054413,128.60148193133924
166.60233232321974,33.335202216144225,29.10085852265314,62.55338315647583,96.93804393420749,61.16872073383183
81.15108685274377,31.339680360135183,85.8420191642346,9.062914854483584,59.18386943312229,53.5460602653496
20.382848251335947,17.71121694841152,129.29961156696072,9.497746414728471,24.655451782695195,53.139204376321054
177.27141581322022,118.85448954624087,44.521256847435,124.56202607039785,132.77473067614713,108.21974712723461
151.00165556026815,137.58707919991247,115.31073303879973,82.42721899812503,130.88931376583287,130.9766156937234
22.43928261658803,47.70835709850073,119.98808622839147,40.773892686499025,36.736566428391406,66.70251020096705
165.75153887112702,3.770092985564306,29.28595388554186,110.51465513854187,84.73085323887528,54.33350471852439
156.5813451711831,14.790900145756922,101.71535624149612,45.51446128502001,93.59460148107534,70.28178462839553
93.39085028269298,174.21480627210548,138.89284397614938,103.97371578199606,113.02254681942186,136.25752158095852
106.42957843408726,53.180059945935646,89.80121961646955,64.65757445688426,78.86026705959773,73.01998884976742
71.82048669662345,138.46016661086406,2.1785610196993366,148.23940079012743,78.04930422592905,82.47800271879555
9.85709498796564,112.43944239376748,1.626924434272592,147.72530893802028,39.835554634152174,64.96474343410694
60.33550349626216,68.74913513752126,64.2652819146022,85.92307166203224,60.11363187963129,67.67029566929872
144.51362074764205,37.02370719519992,166.71493231772075,63.1474396803028,101.17162217441036,100.82063973913885
0.8337641408285146,21.84955526869316,41.161820328649576,65.26076338063702,8.98861968606728,23.34035535443129
60.029850904405954,110.70233424699599,114.18546399690369,145.02861462027923,77.36929783141704,102.6494716823441
71.6703648463698,139.43408051480185,39.973656724797706,59.07230690357016,84.94400137708179,89.78119243588358
96.73120852882612,115.90276563740352,57.900598138718756,37.63068726723228,95.23060723853017,87.41414435383068
165.57401095429688,95.45438398484849,152.6475761282671,15.243901537555228,124.4410902189505,118.32080821966325
62.34227898587302,7.551220217694528,131.19505960859044,84.00476175919351,47.04177554540446,64.37762265994915
62.45157634132099,174.3279799669891,17.171869916377915,86.78377780557153,81.07717174601703,99.323041622802
132.7502246597547,143.76855449782343,77.16636377755805,151.36356787252328,118.3286133697386,121.90164772452596
81.3992293601653,52.707966606173656,5.250557456147604,39.82296536029152,55.94065981121595,43.059235892692094
40.42886812919675,176.3946592845931,86.56022638854162,68.57842926031198,85.63574607848037,111.8547420197329
81.4391129038848,108.33868613453798,119.23812210619225,145.51303300086437,83.59574456288586,114.73025623708425
25.354263668363973,104.83607847730437,21.33047224766728,148.25224993481524,42.8826365262055,64.03093826353819
31.749657571120196,134.6531722973158,51.99928900364982,69.22999367617828,60.52818189371478,84.10043253144076
89.70619909310635,146.11856185622477,71.61059259038825,82.64232419160255,91.89875182002515,105.90647025986978
75.40658091081862,118.16614931967048,165.51558443808895,54.591460352870925,91.20689260413398,118.59514072911405
164.67226219225802,23.057234345916005,178.78590277613353,167.85987811547616,103.00172558500452,111.26435971321622
65.23090184099397,60.88815107900971,8.084033819210854,21.355877833484456,51.7472147884873,41.864308667197484
104.50590305004782,167.05505525868895,136.98142622917058,168.0748961402646,111.91198708583526,147.04794135519376
113.80757182551547,40.430810131893345,66.91033195242179,123.09596133036177,75.08346653849463,77.54235453871082
2.3570021859000545,66.9900642907524,70.6424735213064,95.68298748361161,31.626524043915456,59.64453933703819
119.43672696300791,77.77383892995528,135.7676952024641,5.878630941209257,97.34858046360854,94.61892142338283
32.04647403655526,79.0928981450014,165.31675778617355,85.60731452796149,54.55579503046554,95.35469348991441
172.99265714450192,110.32912484901459,171.1671470104587,73.3946589004918,136.64937375012303,136.51296314492532
26.75929099556033,169.75365079404736,103.88206548689774,29.01938615552206,74.72998102877305,103.72859043309252
74.63234227086427,43.32468812985089,64.28180867409051,118.15372863011824,57.68701913348327,62.69607878794931
15.362940254155895,21.87024773416525,141.75883545458026,174.80716332629143,25.684711266223896,73.29471227714399
179.43736533227053,35.54468817478872,45.18024898721405,101.19398599161453,106.08524856498795,71.23035739354168
90.39510185962367,159.6464820376685,101.5333251900332,128.65558975991024,97.83604479691016,127.3601350220943
107.16930311760788,116.24594627793708,64.54412307447717,12.321081461883022,93.65307864490515,89.50313384539653
12.073765929916947,51.463222063048825,118.1935932674177,75.18005924705905,32.3186612257118,64.50765927219206
134.992884671852,146.8704490143511,43.271804320831244,20.944527329609258,117.15141112445694,100.53969129464546
37.783006757205435,155.04659934541849,34.48673023226864,110.30325039657187,68.89941791080886,94.14822881422833
161.6497720993285,152.37258096425003,165.28303560157866,168.92678847854782,140.25383779138454,161.22367196090582
36.92513528676129,165.4067760551198,18.32466293091664,119.11999184489493,67.94708050137422,90.97470285296096
34.32378971945998,45.40338363120509,91.0724233922877,13.824548696595876,40.2875123074151,53.254926649797966
6.578940212657079,135.9075471743301,39.753500933341606,63.83991689731491,47.878949668232615,74.14206702290075
84.97205011979986,82.8971095093452,7.007393398620141,99.11940829935328,66.897649033294,61.14388556133481
101.67140398727096,151.55973952021108,6.483387292456751,72.5773961039854,95.99029499992052,85.95143339223617
11.827555097103426,131.1283218890904,31.53991897904892,150.055921885531,49.7986020075023,83.36876347839407
139.5949710051019,139.76054036995043,156.01866381108005,146.64078084779806,126.29212884890566,145.6035375755032
81.59199025464497,118.10913078259287,50.846173915864796,110.12958361857986,81.13716926562867,90.62515543082866
94.39024847896441,31.937178504547237,171.08265070355324,67.22243012388695,78.2244160373628,89.58414382131262
79.33729444888107,98.1048454014489,104.69201273805484,45.960547277383945,76.72193684491283,89.64282199806145
72.13735095755868,177.24055311441148,78.5905541583779,19.057377278363276,93.39621136579126,110.43474645072847
100.73525963547922,168.72985196948142,104.41599024050183,63.88158302757973,112.99536376223143,122.15315856540832
27.94324426752825,7.7712724434621006,93.0057093407282,74.37105309738952,24.24628867828737,48.590148938954506
32.7470634891488,29.666666831298684,136.57972567631853,121.64812651873325,38.295029306110614,69.08578578827333
155.1214117824331,23.711179221821144,50.84929187511341,118.46876837356322,88.196676089012,65.54648587741106
170.3007831840539,130.6763837973532,63.549070488054426,12.619465135426251,130.18861349850332,105.77685940693821
67.19567693035553,147.2013593742501,160.93697445598514,71.1466767776084,97.04901994724399,130.2915906000323
48.73404116583968,38.43204593592095,170.362172367073,32.72019609912515,54.537108517639666,79.52931592609603
115.91991778302284,91.05348473132922,160.66048094756542,28.226286957025025,103.06649942944067,108.15387883704747
73.57215079765736,151.326545042016,75.50063891231645,148.91438695270426,86.90164869107983,115.29535526681791
4.569544018862075,131.9042780579251,140.4657905412387,7.5447390089263555,53.60032700782669,98.03183234377765
28.107467525914267,97.60269698853268,85.74043199419778,75.45291766238184,46.23042873996586,79.00686357952635
128.87500119253156,106.26258428257913,89.55717338629839,30.276658037973274,103.65323157750385,99.6063202535665
118.60630954382725,91.50489844493039,36.84241963031111,158.27943882212531,92.35227264119517,91.99261485920839
4.877278650627028,53.5587212373877,106.40345458653296,100.26729238950632,30.180494186679862,68.71689963006324
39.9549891479309,101.7039587146229,33.50446159560263,41.64851454783265,53.39610182200834,61.5153405628928
41.59346338585285,123.99935436901632,59.68164583209488,90.43691168994775,63.920102019404695,88.11438932902264
120.94069384777112,157.19812485494538,153.90543629158833,131.66754474656085,121.64255692437717,147.17211045318277
3.547896795785548,114.53244371626465,37.27364565795394,172.4612416054981,40.270563843371136,75.94896633587446
18.739544757223292,137.00187666776844,12.808491331217907,39.68028076417541,53.2829410710252,62.974693431048294
143.9848953671741,28.812894291823138,12.421366670306934,159.51271898328213,78.64667906334373,59.65904715880797
32.13803916978005,83.08034539556218,169.3412136905594,168.17474055014824,58.52653994828932,105.6539369736904
117.49429941333744,1.6796915688767933,91.24567883313023,164.95569801577193,70.24049480255411,69.69612759152109
42.87290058841077,44.40219561389215,73.6941729270633,114.37458423514377,41.29632569315262,62.02332966567799
17.89945069668213,130.76310872034088,145.95814458142533,113.36771779824738,64.17587364682703,106.8603760796925
43.77099437990174,178.52579124288542,150.44866702389288,72.5779139730881,96.11741015415087,132.51283714960266
130.00804773401865,17.852057925698862,59.79438596080883,135.43161881468183,76.13039425482609,66.86763339638262
154.02536425913144,72.26897685503188,124.85125034528315,95.63292330316774,111.96511432061426,106.35797310311386
149.4395756220585,144.0127743658487,138.80210685333958,121.93885282109301,130.32771663879504,142.7856694988671
71.49303533132186,36.726414233201794,117.83712363587182,77.12242269278318,58.91065662441275,72.75488305483913
120.25532458271631,99.91529087441153,27.287113464017885,131.66936352776503,93.75150415004802,86.05357212219499
36.89717317484777,131.95283328534146,157.65895503307027,148.40487316881882,74.19001675687362,121.7561118197725
52.76659144698239,110.87738104683223,97.03701949248156,26.3585261885069,67.3108213473713,84.21806756645312
161.34044733380156,33.844452230774905,50.84503674660066,149.92734880336104,96.32078655344422,73.80905596853653
2.3403462319324864,63.9692223634331,76.5410733787849,97.2533757222553,30.939439040309935,60.16212280653137
15.391535553804253,141.08252120737149,6.762796271803328,152.03986363624037,51.594075295322966,76.78305734991226
37.41952592628492,99.760772543763,23.01602422003516,77.63430714138264,52.86357152641856,61.779427693696555
4.775796697287548,0.9413304377242926,137.79841509285495,68.2272873689463,15.976115049221303,48.646164694653635
32.658378316163514,136.9783368050569,0.0020942559659054005,164.71093185310002,58.922700104042825,77.18435415639374
104.94748097454459,6.356043889243033,74.98184912681259,45.21046815871223,62.437274243159514,52.64133889349741
75.85641910664962,134.2320808916218,94.05183259540593,151.95821855150575,85.70119562097749,111.60499964801494
160.68090799385547,36.44650082974273,9.834195600175013,87.12370305169274,92.89486581546579,55.69528148928683
147.13984111291936,172.45322642148844,175.15406933501993,92.53717965922675,140.83790208952757,161.69650110868824
61.52712330561768,66.22933523437521,40.702559624940946,55.52429066810712,53.43685763584592,56.15060238143718
46.696218017632646,58.847690940854235,54.75576953453056,103.14759611142281,46.8566498591104,59.682602182435225
68.34463347010804,26.799849059840042,54.709652205904916,58.538015329718036,48.27772522035677,49.87072012549993
106.2530896526654,55.00875878823868,41.47499918112298,7.068494563497416,71.39820745076236,56.36234954181418
48.25145534811773,157.7971371290761,0.2652879755360549,48.95974896198409,73.59936915270106,78.32307455635068
112.34680341284412,179.34018077290452,131.28206293583935,1.1482278131863222,124.24767478847828,131.34702767120442
73.69409739442328,66.2957154912327,174.03218996387136,176.10386167023418,72.72952546974682,110.63780992686064
99.36849255335645,80.74991357181766,40.37282699130811,173.83449776755455,74.87133345445599,82.88801390396344
78.502775244357,129.97276887649267,119.34849452461603,71.1279535450149,89.88825857942503,107.4962588436723
53.003836717545184,159.51524048371343,133.5413388525687,131.1067537811363,86.81873696142117,127.98163075711007
170.7215952531882,106.74798015362114,152.71656823629445,62.2450977138765,132.88312941041593,129.08457349965173
137.44904294875695,70.47462567200928,76.07325546244964,120.79676827547569,96.7480013999151,90.66388723601244
25.22037163796146,74.27193135275228,54.527563015277266,144.97740774827625,36.32960780484412,67.68317434542048
156.3242356616243,125.21126636942523,58.553124124145604,170.41612404460332,120.80411627745195,116.62578035149602
87.73761568491246,0.5792874487701627,128.2718399577323,72.03820965294096,56.258539850723885,66.42075486581724
161.01940084093644,111.52608074277133,147.0203039710145,140.99363693208858,129.93687708994918,133.03258831862095
143.97394607051675,63.98874187944433,32.69051419618848,47.86712111378138,93.05624766948843,69.25600147055246
76.53843080446202,142.95551962987517,66.76938146839774,178.2598146828567,91.19015878477848,110.51562349442736
4.044475497621132,16.738315168163787,162.34923541484702,4.638527777583206,19.455374739440888,54.53433558149201
48.36192468929029,105.8764080507103,145.20483354505305,108.63518517020177,73.08670310996878,108.36050674286096
97.49415863895605,86.57512017950228,177.27451249724564,118.71107669723888,91.99842868129707,123.83168783019534
114.0260795687065,115.61859466294094,135.76468674277453,123.8482002733432,106.9942566022001,122.1328676801167
46.41978337797641,11.673647006934303,70.77513618502601,21.669764182036023,33.94910237768857,38.36297492862794
25.084093333108342,104.39708173706363,106.3148101190348,168.93536102516347,56.77176327162768,95.73266745130456
150.28744262387383,101.06722583271427,118.98256576451766,32.612990229014905,116.58742170909734,108.0132782703029
177.1923925266394,100.91881699491077,14.122046937082311,112.09561258317139,118.08680520514554,87.61066008712999
94.62423281448345,108.62777998736186,98.00945263869572,40.081694242155294,92.54240424186197,94.37541680747495
30.90227145269463,121.7642287007452,127.67774912506972,55.298955063828764,64.52121795731357,95.93544925283734
49.01531877348641,144.89801994253855,30.117834720190867,98.36253751106238,71.43196578877229,90.04208005499443
3.310321778544012,48.567729623078584,140.51370913660028,75.09481534162377,32.7463545179452,69.52253109223622
164.57378518088981,148.50889383241116,105.07910049254009,28.84060817577113,135.28356030523338,126.03426687638724
21.195194920225404,89.68602280742165,171.39992142556704,30.768552435752692,55.834378240174416,96.38858742783474
103.77296559256564,13.87049024417961,7.636013677240506,75.26606186930394,55.63144172433498,33.87669730057574
49.32993972369708,10.539167263916255,47.758704759984056,136.31093608959014,32.33825180573308,40.50663181125105
99.75204045284282,60.162897365290945,108.27969827396834,161.63363643260195,78.89741719417411,92.79898470063289
117.25566990333556,141.28145588006416,53.38078419706753,15.142979206688912,103.3499064124999,99.5497874953289
149.35352466729628,127.38256825336484,128.5963495328236,70.7587033606922,124.19349367729909,127.48187752105908
37.155828916908575,141.95069364103315,136.6209508539476,18.044201470117795,77.52736342098527,107.49879892802281
1.979249158526486,93.10843015948969,18.452873531965402,2.986646513867619,32.53982335747628,43.62998407694959
24.63941341238531,79.2358196319883,92.49380355721819,119.1093628759122,45.21455379685649,77.08175960108261
162.00335553265893,26.54145480713111,91.60030000639006,108.4408995539858,98.61039112613359,81.74473879695834
157.30021396125275,59.07469564967608,66.4705386387974,29.34344048667952,102.43108452813603,75.90548214287428
107.5343583906555,78.12348591129755,167.92647526254098,42.08630995675154,96.71003926662708,107.43499806035388
108.09303487805761,15.948077342331102,148.95113757717982,4.267395656013308,73.32534924385779,70.96254143346374
119.70660141832599,39.71015148801803,125.49768874373461,150.29049702499267,84.77979921421156,92.6659022902937
31.566830152220927,107.68055293147299,128.57879443229956,175.44430728873925,63.23752068706645,104.54236037862069
164.59415026649276,132.41936056305417,83.10890588636144,24.382716623044345,128.77903092110697,118.33628095229882
75.37869448057316,179.70255205073093,165.77901379738367,41.665538477753664,111.29559260423801,140.77722893589404
68.96493508490954,167.96039964184038,125.02717690559138,156.31371431044812,94.31238230607927,131.30819224391712
93.40518695091076,115.66173591633448,131.21659109804696,166.76348363211326,97.78205762238602,120.71869702798752
8.453874019509907,75.82464959293296,155.10436268172214,75.53292890522586,41.739416987903105,87.14395382739016
29.931006376094295,114.51192564748189,49.33288608159438,9.112045008433343,53.766971994800585,70.84876975183832
132.84605095674667,141.41729125444175,145.27276269600654,7.090530064707492,119.59546878194062,126.24810370852131
14.903760226522763,21.30051436620972,35.14330853216857,103.31097589242188,16.44677584158577,29.21019199263392
108.56737970394988,73.78288014533189,62.16155140407981,70.72111960077223,80.55509597392872,78.58087940308587
44.16283974263777,151.1644114144111,60.40988176857169,5.157436963977813,72.25643878175242,85.17584332946197
70.07321052755577,69.08993134794792,176.1345843100453,104.98543061626022,73.10242116758904,104.11722211631496
51.96487261872598,102.93700882089358,154.17670027462682,2.034456586024045,74.19679221203954,97.5089928220711
64.02108896369084,105.79848495519568,126.21057508624675,141.72695246686914,76.78635417983006,107.02021264077716
129.42826293316418,33.205725564055086,130.8702170907702,55.15790808660688,88.37822415167787,85.32312766229528
53.481908812171504,65.20237949741191,101.17310299246279,7.246440541661778,54.227939776864474,66.4866399487313
101.95283525344149,60.21203197354779,170.47632007953342,105.9033997769676,84.32615104753296,105.66115733733069
85.68907239583794,4.7154075357716625,89.32657551882508,71.58319459794984,56.7892660472356,52.95172890301998
119.46080976527666,4.354517500443944,68.49318777658101,175.2840744042869,66.41567684090312,64.00952864167348
168.62935307845643,149.70546786163922,29.34636064768638,97.95575925066639,135.4733694666032,112.40319622913539
131.86297749784507,49.152745795106235,141.51701740699045,49.54305258666149,94.34289183039172,94.31511584881996
38.68926814633622,93.25417792298678,132.19990777360647,127.69899563411546,60.545454099711804,99.15707571323892
5.6129643110312415,53.770603245979146,69.18390693434428,48.86856045768804,27.99678414320365,49.058130517971925
47.20752797396852,169.3222641207613,4.534814512661285,162.76379245336173,77.3977095183561,95.71440588925121
107.11402752604587,46.67341659583927,151.01951898924193,67.44995469132776,82.43936552014074,88.97857697595728
9.256646427165062,77.33822629300832,2.055237021733254,98.97634129971694,27.25882869661528,43.40128043745937
89.34592449622254,157.09144508722832,126.66596033322917,9.103158688361194,104.35515091055825,120.57488199894392
107.43171280504006,151.54804202252555,174.64627975069027,76.70182283140154,117.32081204081096,143.62750796750638
60.163900347052945,33.498255212329916,78.77903906667662,149.82543713897908,49.79193801763262,62.66363603977587
138.76419667424796,144.47579576322786,42.2952128992715,145.01678496540154,116.96281807400779,111.41532145668506
19.187685564078926,82.47363961282068,126.87678180780871,40.37734059363473,48.26138544271284,77.77956020908294
13.524800712445577,86.93439697536394,147.08306556280533,40.694232781901285,50.82774546965439,86.7458896794491
131.0739761166486,24.026395034869882,98.35745689401251,147.11495619838263,83.34327148271609,82.11184803516811
89.18843691711572,14.508272476282437,174.06634954610632,167.4717156304786,66.97664086806279,91.79315258623268
123.91243135699249,131.02907525527775,9.300369898432999,17.16496582914064,99.15715359474272,83.51664855320766
78.26892094867432,89.36300742395396,90.86320769481506,81.01055509672055,69.76822319734671,87.00596459576221
44.35236598303923,78.63312647073232,129.321710518059,60.74177021356122,59.47504344300555,84.94584240734973
147.43841718135596,131.31148115743142,155.27528480685223,156.72392198233908,128.45053295603088,143.8444850798974
143.89485821441627,137.79232181839976,32.266010143402205,15.034484642403378,115.48216131723879,96.57237460670848
125.04536475379682,28.60347018048364,144.00062671746267,38.002669660446735,85.99084651116246,84.10207163781044
48.98612470139329,109.84052690597544,99.48727362933815,135.44430076556898,67.27314032702927,101.67569872332244
106.24152003643567,24.363734809983395,71.37966275819338,9.232892816618804,69.82340723829999,51.62653675440574
64.97530144920482,135.24751548522823,23.70870514423684,88.65636852857207,75.60499762111252,84.10851828412048
16.484773198794148,118.25192812808511,155.75323660360422,79.5792662423496,57.79944212804269,104.22322147668608
165.1164435832037,172.19063179502243,28.309177472348765,60.192212217974756,139.02666155526202,114.67294192417454
24.627353565413053,12.412442944155814,55.76181465763786,71.02301675740628,21.179328981824654,33.69955968970698
171.04272368774443,10.269849807225777,52.20819575323864,95.38930564744193,94.87620972870842,63.792578909969045
80.28103913243203,50.793673444776026,156.85452615435378,29.04612450990896,70.1092528026986,92.17099461181404
